<?xml version="1.0" encoding="utf-8"?>
<odoo>
    <data>
        <!--  Sequence for Funeral Registration  -->
        <record id="seq_funeral_registration" model="ir.sequence">
            <field name="name">Funeral Registration</field>
            <field name="code">funeral.registration</field>
            <field name="prefix">FREG/</field>
            <field name="padding">4</field>
            <field name="company_id" eval="False"/>
        </record>

         <record id="seq_funeral_burial_place" model="ir.sequence">
            <field name="name">Funeral Burial Place</field>
            <field name="code">funeral.burial.place</field>
            <!-- <field name="prefix">/</field> -->
            <!-- <field name="padding"></field> -->
            <field name="company_id" eval="False"/>
        </record>
    </data>
</odoo>
