<?xml version="1.0" encoding="utf-8"?>

<odoo>
    <data noupdate="0">
        <record id="revision_history_sequence" model="ir.sequence">
            <field name="name">Revision History Sequence Code</field>
            <field name="code">revision.history.sequence.code</field>
            <field name="prefix">-R</field>
            <field name="padding">0</field>
            <field name="company_id" eval="False"/>
            <field name="number_increment">1</field>
        </record>
    </data>
</odoo>