<?xml version="1.0" encoding="utf-8"?>
<odoo>
    <data>
        <!-- Sequences for partner -->
        <record id="seq_res_partner" model="ir.sequence">
            <field name="name">Family</field>
            <field name="code">res.partner.family</field>
            <field name="padding">7</field>
            <field name="company_id" eval="False"/>
        </record>

        <record id="seq_res_partner_member" model="ir.sequence">
            <field name="name">Member</field>
            <field name="code">res.partner.member</field>
            <field name="padding">8</field>
            <field name="company_id" eval="False"/>
        </record>

        <!-- Sequence for Envelope Batch -->
        <record id="seq_envelope_batch" model="ir.sequence">
            <field name="name">Envelope Batch</field>
            <field name="code">envelope.batch</field>
            <field name="prefix">BATCH/</field>
            <field name="padding">5</field>
            <field name="company_id" eval="False"/>
        </record>

        <!-- Sequence for Registration -->
        <record id="seq_registration" model="ir.sequence">
            <field name="name">Registration</field>
            <field name="code">member.registration</field>
            <field name="prefix">REG/</field>
            <field name="padding">4</field>
            <field name="company_id" eval="False"/>
        </record>
    </data>
</odoo>
