<?xml version="1.0" encoding="utf-8"?>
<odoo>
    <data noupdate="0">
        <!-- Ministry Management Group -->
        <record id="group_ministry_manager" model="res.groups">
            <field name="name">Ministry Manager</field>
            <field name="implied_ids" eval="[(4, ref('base.group_user')), (4, ref('group_ministry_user'))]"/>
        </record>
        <record id="group_ministry_user" model="res.groups">
            <field name="name">Ministry User</field>
            <field name="implied_ids" eval="[(4, ref('base.group_user'))]"/>
        </record>
    </data>
</odoo>