<?xml version="1.0" encoding="utf-8"?>
<odoo>
    <data noupdate="0">
        <!-- Funeral Management Group -->
        <record id="group_funeral_manager" model="res.groups">
            <field name="name">Funeral Manager</field>
            <field name="implied_ids" eval="[(4, ref('base.group_user')), (4, ref('group_funeral_user'))]"/>
        </record>
         <record id="group_funeral_user" model="res.groups">
            <field name="name">Funeral User</field>
        </record>
    </data>
</odoo>
