<?xml version="1.0" encoding="utf-8"?>
<odoo>
    <data noupdate="0">
        <!-- Sacrament Management Group -->
        <record id="group_sacrament_manager" model="res.groups">
            <field name="name">Sacrament Manager</field>
            <field name="implied_ids" eval="[(4, ref('base.group_user')), (4, ref('group_sacrament_user'))]"/>
        </record>
         <record id="group_sacrament_user" model="res.groups">
            <field name="name">Sacrament User</field>
            <field name="implied_ids" eval="[(4, ref('base.group_user'))]"/>
        </record>
    </data>
</odoo>