<?xml version="1.0" encoding="utf-8"?>
<odoo>
    <data noupdate="0">
       <!--Demo data for sacraments -->
        <record id="sacrament_1" model="sacrament.sacrament">
            <field name="name">Baptism</field>
            <field name="sacrament_type">initiation</field>
        </record>

        <record id="sacrament_2" model="sacrament.sacrament">
            <field name="name">Penance</field>
            <field name="sacrament_type">initiation</field>
        </record>

        <record id="sacrament_3" model="sacrament.sacrament">
            <field name="name">Ehucarist</field>
            <field name="sacrament_type">initiation</field>
        </record>

        <record id="sacrament_4" model="sacrament.sacrament">
            <field name="name">Confirmation</field>
            <field name="sacrament_type">initiation</field>
        </record>

        <record id="sacrament_5" model="sacrament.sacrament">
            <field name="name">Marriage</field>
            <field name="sacrament_type">initiation</field>
        </record>

        <record id="sacrament_6" model="sacrament.sacrament">
            <field name="name">Ordination</field>
            <field name="sacrament_type">initiation</field>
        </record>
    </data>
</odoo>