<?xml version="1.0" encoding="utf-8"?>
<odoo>
    <record id="paperformat_certificate" model="report.paperformat">
            <field name="name">Certificate A4</field>
            <field name="default" eval="True" />
            <field name="format">A4</field>
            <field name="page_height">0</field>
            <field name="page_width">0</field>
            <field name="orientation">Portrait</field>
            <field name="margin_top">10</field>
            <field name="margin_bottom">10</field>
            <field name="margin_left">7</field>
            <field name="margin_right">7</field>
            <field name="header_line" eval="False" />
            <field name="header_spacing">0</field>
            <field name="dpi">90</field>
        </record>
     <record id="email_template_baptism_certificate" model="mail.template">
        <field name="name">Baptism: Certificate</field>
        <field name="model_id" ref="sacrament_management.model_sacrament_registration"/>
        <field name="subject">Baptism Certificate</field>
        <field name="email_from"></field>
        <field name="partner_to"></field>
        <field name="body_html" type="html">
            <div style="display:-webkit-inline-box;">
               <div style="margin-left:47px;">
                    <img src="/sacrament_management/static/src/img/3.png"/>
                </div>
                <div style="margin-left:39px;">
                    <div>
                        <h2 style="font-style: oblique;
                                    font-weight: 100;
                                    -webkit-transform-origin: bottom left;
                                    -ms-transform-origin: bottom left;
                                    -ms-transform: scale(0.25);
                                    z-index: 2;
                                    white-space: pre;
                                    overflow: visible;
                                    line-height: 1.5;
                                    FONT-SIZE: 27.4px;
                                    FONT-FAMILY: Gabriola_6b;
                                    color: rgb(0,0,0);
                                    margin-bottom: 0px">Assumption of the Blessed Virgin Mary R.C. Church</h2>
                    </div>
                    <div style="text-align:center;">
                        <span style="
                            font-size: 18px;
                        ">20 Chestnut Street, Centereach, NY 11720</span>
                    </div>
                    <div style="text-align:center;">
                       <span style="
                        font-size: 18px;
                    ">Phone: (631) 585-8760 Fax: 1(866) 214-3365</span>
                    </div>
                    <div style="text-align:center;">
                       <a style="
                        font-size: 18px;
                    " href="www.abvmcentereach.com">www.abvmcentereach.com</a>
                    </div>
                </div>
            </div>
            <br/>
               <div style="align:center;text-align: center;font-size: 40px;font-family: Roboto, Ubuntu, Arial, sans-serif;
font-style: italic;">
                    <span style="font-weight: 100;">Certificate of Baptism</span>
               </div>
               <div style="margin-top: 26px!important;
                           border-width: 1px;
                            border-bottom: 1px solid #504949;
                            font-size: 25px;
                            text-align: center;
                            margin: auto;
                            width: 59%;">
                    <span style="font-family: Roboto, Ubuntu, Arial, sans-serif;
    font-style: italic;margin-left:">${object.registration_member_id.name}</span>
               </div>
            <div style="margin-top: 2rem!important;
    margin: auto;
    width: 84%;display: -webkit-box;">
                <div style="width: 17%;"><span style="font-size: 18px;">Born on the  </span></div>
                <div style="margin-top: 2px;
                            border-width: 1px;
                            margin-left: 15px;
                            font-size: 18px;
                            width: 100px;
border-bottom: 1px solid black;
text-align: center;"><span>${object.registration_member_id.date_of_birth.day}</span></div>
                <div><span style="font-size: 18px;margin-left: 15px;
                      margin-right: 15px;"> day of </span></div>
                <div style="margin-top: 2px;
                            border-width: 1px;
                            margin-left: 15px;
                            font-size: 18px;
                            border-bottom: 1px solid black;
                            width:210px;text-align: center;">
                            <span>${ctx['month_name']}</span></div>
                <div><span style="font-size: 18px;margin-left: 10px;
                                  margin-right: 10px;">,</span></div>
                <div style="margin-top: 2px;
                        border-width: 1px;
                        font-size: 18px;
                        width: 152px;
                        border-bottom: 1px solid black;
                        text-align: center;">
                        <span>${object.registration_member_id.date_of_birth.year}</span></div>
            </div>
             <div style="margin-top: 2rem!important;
                        margin: auto;
                        width: 74%;
                        display: -webkit-box;">
                <div><span style="font-size: 18px;margin-right: 15px;">in</span></div>
                <div style="width: 587px;
                        border-width: 1px;
                        border-bottom: 1px solid #504949;
                        font-size:18px;
                        display: -webkit-inline-box;">
                    <div style="width: 195px;
                                text-align: center;
                                font-size:18px;">
                        <span>
                            % if object.registration_member_id.city:
                                ${object.registration_member_id.city}
                            % endif
                        </span>
                    </div>
                    <div style="width: 379px;
                                text-align: center;
                                font-size:18px;">
                        <span>
                        % if object.registration_member_id.state_id:
                            ${object.registration_member_id.state_id.name}
                        % endif
                        </span>
                    </div>
                </div>
                </div>
                <div style="font-size: 18px;
                            margin-left: 231px;
                            margin-top: 1px;">
                    <span>city</span>
                    <span style="margin-left: 248px;">state</span>
                </div>
                <div style="margin-top: 2rem!important;
                            margin: auto;
                            width: 75%;
                            display: -webkit-box;">
                    <div style="width: 17%;"><span style="font-size: 18px;margin-right: 15px;">Child of</span></div>
                    <div style="width: 553px;
                            border-width: 1px;
                            border-bottom: 1px solid #504949;
                            font-size:18px;
                            text-align:center;">
                            <span>${ctx['father']}</span>
                        </div>
                    </div>
                
                 <div style="margin-top: 2rem!important;
                            margin: auto;
                            width: 63%;
                            display: -webkit-box;">
                    <div style="width:11%;
"><span style="font-size: 18px;">and</span></div>
                    <div style="width: 553px;
                            border-width: 1px;
                            border-bottom: 1px solid #504949;
                            font-size:18px;
                            text-align:center;
                            "><span>${ctx['mother']}</span></div>
                    </div>
                
                <div style="text-align: center;margin-top:10px;"><span style="font-size: 18px;margin-right: 15px;">was</span></div>
                <div style="
text-align: center;
"><h1 style="font-size: 49px;margin-right: 15px;font-style: italic;margin-top:6px;">BAPTIZED</h1></div>
                <div style="text-align: center;margin-top:6px;"><span style="font-size: 18px;">In the name of the Father, and of the Son, and of the Holy Spirit</span></div>
                <div style="margin-top: 2rem!important;
                            margin: auto;
                            width: 79%;
                            display: -webkit-box;">
                    <div><span style="font-size: 18px;margin-right: 15px;text-align:center;">by</span></div>
                    <div style="
                            width: 676px;
                            border-width: 1px;
                            border-bottom: 1px solid #504949;
                            font-size: 18px;
                            text-align:center;
                            "><span>${ctx['officiant']}</span></div>
                </div>
                <div style="text-align:center;margin-top: 20px;margin-left: -23px"><span style="font-size:18px">at</span>
                <span style="font-size:20px;font-weight:bold;"> Assumption of the Blessed Virgin Mary Roman Catholic Church</span></div>
                <div style="text-align: center;"><span style="font-size: 20px;font-weight: bold;/* text-align: center; */">Centereach, New York</span></div>
               
                        <div style="margin-top: 2rem!important;
                                    margin: auto;
                                    width: 83%;
                                    display: -webkit-box;">
                            <div style="width: 10%;"><span style="font-size: 18px;">on the</span></div>
                            <div style="
                                    width: 101px;
                                    border-width: 1px;
                                    border-bottom: 1px solid #504949;
                                    text-align: center;
                                    font-size: 18px;
                                    "><span>${ctx['day']}</span></div>
                            <div><span style="font-size: 18px;margin-left: 15px;
                                  margin-right: 15px;"> day of </span></div>
                            <div style="
                                width: 248px;
                                display: block;
                                border-width: 1px;
                                border-bottom: 1px solid #504949;
                                text-align: center;
                                font-size: 18px;
                                "><span>${ctx['month']}</span></div>
                            <div><span style="font-size: 18px;margin-left: 15px;
                                              margin-right: 15px;">,</span></div>
                            <div style="
                                width: 125px;
                                border-width: 1px;
                                border-bottom: 1px solid #504949;
                                text-align: center;
                                font-size: 18px;
                                "><span>${ctx['year']}</span></div>
                        </div>
                         <div class="row" style="margin-top: 2rem!important;">
                            <div style="width: 76%;">
                                <div style="margin-top: 2rem!important;
                                            margin: auto;
                                            width: 83%;
                                            display: -webkit-box;">
                                    <div style="width: 18%;"><span style="font-size: 18px;margin-right: 15px;">Godparents </span></div>
                            <div style="width: 587px;
                                    border-width: 1px;
                                    border-bottom: 1px solid #504949;
                                    font-size:18px;
                                    text-align:center;">
                                <span></span>
                            </div>
                        </div>
                        <div style="margin-top: 4rem!important;
                                    margin: auto;
                                    width: 53%;
                                    display: -webkit-box;">
                            <div></div>
                            <div style="width: 587px;
                                    border-width: 1px;
                                    border-bottom: 1px solid #504949;
                                    font-size:18px;
                                    text-align:center;">
                                <span></span>
                            </div>
                        </div>
                        <div style="margin-top: 7rem!important;
                                    margin: auto;
                                    width: 78%;
                                    display: -webkit-box;">
                            <div style="
                                    width: 319px;
                                    border-width: 1px;
                                    border-bottom: 1px solid #504949;
                                    ">
                                <img style="width: 319px;height:65px;"/>
                            </div>
                        </div>
                        <div style="
                                    width: 238px;
                                    border-width: 1px;
                                    border-bottom: 1px solid #504949;
                                    margin-left: 515px;
                                    font-size: 18px;
                                    text-align: center;
                                    margin-top: -29px;
                                    "><span>${ctx['today_date']}</span></div>

                        <div style="font-size: 18px;
                                    margin-left: 313px;
                                    text-align:center;">
                            <span style="margin-left: 257px;">Date</span>
                        </div>
                    </div>
                    <div>
                        <img src="/sacrament_management/static/src/img/CertificateofBaptismwithNotations_Maria.png" style="width: 124px;
                               margin-top: 58px;
                               margin-left: 81px;
                               height: 209px;"/>
                    </div>
                </div>
                <br/>
                 <div style="
                            font-size: 18px;
                            margin-top: 19px;
                            text-align: center;
                            ">
                    <span style="font-weight: bold;
                        font-style: italic;">There is One Lord, One Faith, One Baptism, One God and Father of us all. Ephesians 4:5-6</span>
                </div>
                <div style="page-break-before:always;">
                <div style="text-align:center;margin-top:50px;">
                        <h1>NOTATIONS</h1>
                    </div>
                    <div style="margin-top: 2rem!important;
                                margin: auto;
                                width: 83%;
                                display: -webkit-box;">
                        <div style="
                        width: 31%;
                    "><span style="font-size: 22px;font-weight:bold;">FIRST COMMUNION</span></div>
                     <div><span style="font-size: 20px;margin-left: 124px;">Date</span></div>
                     <div style="width: 430px;
                            border-width: 1px;
                            border-bottom: 1px solid #504949;
                            margin-left: 15px;
                            font-size: 18px;
                            text-align: center;">
                        <span>${ctx['eucharist_event_date']}</span>
                    </div>
                </div>
                 <div style="margin-top: 2rem!important;
                            margin: auto;
                            width: 4%;
                            display: -webkit-box;">
                    <div>
                        <span style="font-size: 20px;">Church</span>
                    </div>
                    <div style="width: 411px;
                                border-width: 1px;
                                border-bottom: 1px solid #504949;
                                margin-left: 15px;
                                text-align:center;
                                font-size:18px;"><span>${ctx['eucharist_location']}</span></div>
                </div>
                <div style="margin-top: 2rem!important;
                            margin: auto;
                            width: 4%;
                            display: -webkit-box;">
                    <div>
                        <span style="font-size: 20px;">Place</span>
                    </div>
                    <div style="width: 411px;
                                border-width: 1px;
                                border-bottom: 1px solid #504949;
                                margin-left: 15px; 
                                font-size: 18px;
                                text-align: center;">
                        <span>${ctx['eucharist_location']}</span>
                    </div>
                </div>
                 <div style="margin-top: 2rem!important;
        margin: auto;
        width: 83%;
        display: -webkit-box;">
                                    <div style="
                        width: 31%;
                    "><span style="font-size: 22px;font-weight:bold;">CONFIRMATION</span></div>
                     <div><span style="font-size: 20px;margin-left: 124px;">Date</span></div>
                     <div style="width: 430px;
                            border-width: 1px;
                            border-bottom: 1px solid #504949;
                            margin-left: 15px;font-size: 18px;
                                text-align: center;">
                        <span>${ctx['confirmation_event_date']}</span>
                    </div>
                </div>
                 <div style="margin-top: 2rem!important;
                            margin: auto;
                            width: 4%;
                            display: -webkit-box;">
                    <div>
                        <span style="font-size: 20px;">Church</span>
                    </div>
                    <div style="width: 411px;
                                border-width: 1px;
                                border-bottom: 1px solid #504949;
                                margin-left: 15px;font-size: 18px;
                                text-align: center;">
                        <span>${ctx['confirmation_location']}</span>
                    </div>
                </div>
                <div style="margin-top: 2rem!important;
                            margin: auto;
                            width: 4%;
                            display: -webkit-box;">
                    <div>
                        <span style="font-size: 20px;">Place</span>
                    </div>
                    <div style="width: 411px;
                                border-width: 1px;
                                border-bottom: 1px solid #504949;
                                margin-left: 15px;font-size: 18px;
                                text-align: center;">
                        <span>${ctx['confirmation_location']}</span>
                    </div>
                </div>
                 <div style="margin-top: 2rem!important;
        margin: auto;
        width: 83%;
        display: -webkit-box;">
                                    <div style="
                        width: 31%;
                    "><span style="font-size: 22px;font-weight:bold;">MARRIAGE(S)</span></div>
                     <div><span style="font-size: 20px;margin-left: 124px;">Date</span></div>
                     <div style="width: 430px;
                            border-width: 1px;
                            border-bottom: 1px solid #504949;
                            margin-left: 15px;font-size: 18px;
                                text-align: center;">
                        <span>${ctx['matrimony_event_date']}</span>
                    </div>
                </div>
                 <div style="margin-top: 2rem!important;
                            margin: auto;
                            width: 4%;
                            display: -webkit-box;">
                    <div>
                        <span style="font-size: 20px;">Church</span>
                    </div>
                    <div style="width: 411px;
                                border-width: 1px;
                                border-bottom: 1px solid #504949;
                                margin-left: 15px;font-size: 18px;
                                text-align: center;">
                        <span>${ctx['matrimony_location']}</span>
                    </div>
                </div>
                <div style="margin-top: 2rem!important;
                            margin: auto;
                            width: 4%;
                            display: -webkit-box;">
                    <div>
                        <span style="font-size: 20px;">Place</span>
                    </div>
                    <div style="width: 411px;
                                border-width: 1px;
                                border-bottom: 1px solid #504949;
                                margin-left: 15px;font-size: 18px;
                                text-align: center;">
                        <span>${ctx['matrimony_location']}</span>
                    </div>
                </div>
                 <div style="margin-top: 2rem!important;
        margin: auto;
        width: 83%;
        display: -webkit-box;">
                                    <div style="
                        width: 31%;
                    "><span style="font-size: 22px;font-weight:bold;">DIACONATE</span></div>
                     <div><span style="font-size: 20px;margin-left: 124px;">Date</span></div>
                     <div style="width: 430px;
                            border-width: 1px;
                            border-bottom: 1px solid #504949;
                            margin-left: 15px;font-size: 18px;
                                text-align: center;">
                        <span>${ctx['holy_order_event_date']}</span>
                    </div>
                </div>
                 <div style="margin-top: 2rem!important;
                            margin: auto;
                            width: 4%;
                            display: -webkit-box;">
                    <div>
                        <span style="font-size: 20px;">Church</span>
                    </div>
                    <div style="width: 411px;
                                border-width: 1px;
                                border-bottom: 1px solid #504949;
                                margin-left: 15px;font-size: 18px;
                                text-align: center;">
                        <span>${ctx['holy_order_location']}</span>
                    </div>
                </div>
                <div style="margin-top: 2rem!important;
                            margin: auto;
                            width: 4%;
                            display: -webkit-box;">
                    <div>
                        <span style="font-size: 20px;">Place</span>
                    </div>
                    <div style="width: 411px;
                                border-width: 1px;
                                border-bottom: 1px solid #504949;
                                margin-left: 15px;font-size: 18px;
                                text-align: center;">
                        <span>${ctx['holy_order_location']}</span>
                    </div>
                </div>
                 <div style="margin-top: 2rem!important;
        margin: auto;
        width: 83%;
        display: -webkit-box;">
                                    <div style="
                        width: 41%;
                    "><span style="font-size: 22px;font-weight:bold;">RELIGIOUS PROFESSION</span></div>
                     <div><span style="font-size: 20px;margin-left: 47px;">Date</span></div>
                     <div style="width: 430px;
                            border-width: 1px;
                            border-bottom: 1px solid #504949;
                            margin-left: 15px;font-size: 18px;
                                text-align: center;">
                        <span>${ctx['religious_event_date']}</span>
                    </div>
                </div>
                 <div style="margin-top: 2rem!important;
                            margin: auto;
                            width: 4%;
                            display: -webkit-box;">
                    <div>
                        <span style="font-size: 20px;">Church</span>
                    </div>
                    <div style="width: 411px;
                                border-width: 1px;
                                border-bottom: 1px solid #504949;
                                margin-left: 15px;font-size: 18px;
                                text-align: center;">
                        <span>${ctx['religious_location']}</span>
                    </div>
                </div>
                <div style="margin-top: 2rem!important;
                            margin: auto;
                            width: 4%;
                            display: -webkit-box;">
                    <div>
                        <span style="font-size: 20px;">Place</span>
                    </div>
                    <div style="width: 411px;
                                border-width: 1px;
                                border-bottom: 1px solid #504949;
                                margin-left: 15px;font-size: 18px;
                                text-align: center;">
                        <span>${ctx['religious_location']}</span>
                    </div>
                </div>
                </div>
        </field>
    </record>
</odoo>
