<odoo>
    <record id="ir_cron_scheduler_calendar_record_create" model="ir.cron">
        <field name="name">Calendar Event Scheduler</field>
        <field name="user_id" ref="base.user_root"/>
        <field name="interval_number">30</field>
        <field name="interval_type">minutes</field>
        <field name="state">code</field>
        <field name="numbercall">-1</field>
        <field eval="False" name="doall"/>
        <field ref="sacrament_management.model_sacrament_details" name="model_id"/>
        <field name="code">model.action_create_sacrament_record()</field>
    </record>

</odoo>