<?xml version="1.0" encoding="utf-8"?>
<odoo>
    <record id="email_template_confirmation_certificate" model="mail.template">
        <field name="name">Confirmation: Certificate</field>
        <field name="model_id" ref="sacrament_management.model_sacrament_registration"/>
        <field name="subject">Confirmation Certificate</field>
        <field name="email_from"></field>
        <field name="partner_to"></field>
        <field name="body_html" type="html">
            <div style="display:-webkit-inline-box;">
               <div style="margin-left:47px;">
                    <img src="/sacrament_management/static/src/img/3.png"/>
                </div>
                <div style="margin-left:39px;">
                    <div>
                        <h2 style="font-style: oblique;
                                    font-weight: 100;
                                    -webkit-transform-origin: bottom left;
                                    -ms-transform-origin: bottom left;
                                    -ms-transform: scale(0.25);
                                    z-index: 2;
                                    white-space: pre;
                                    overflow: visible;
                                    line-height: 1.5;
                                    FONT-SIZE: 27.4px;
                                    FONT-FAMILY: Gabriola_6b;
                                    color: rgb(0,0,0);
                                    margin-bottom: 0px">Assumption of the Blessed Virgin Mary R.C. Church</h2>
                    </div>
                    <div style="text-align:center;">
                        <span style="
                            font-size: 18px;
                        ">20 Chestnut Street, Centereach, NY 11720</span>
                    </div>
                    <div style="text-align:center;">
                       <span style="
                        font-size: 18px;
                    ">6315858760</span>
                    </div>
                </div>
            </div>
            <br/>
               <div style="align:center;text-align: center;font-size: 40px;font-family: Roboto, Ubuntu, Arial, sans-serif;
font-style: italic;">
                    <span style="font-weight: 100;">Certificate of Confirmation</span>
               </div>
               <div style="margin-top: 26px!important;
                            font-size: 18px;
                            text-align: center;
                            margin: auto;
                            width: 59%;">
                    <span style="font-family: Roboto, Ubuntu, Arial, sans-serif;
    font-style: italic;">This is to certify</span>
               </div>
                <div style="margin-top: 2rem!important;
                            margin: auto;
                            width: 79%;
                            display: -webkit-box;">
                    <div style="width: 9%;"><span style="font-size: 18px;margin-right: 15px;">that</span></div>
                    <div style="width: 650px;
                            border-width: 1px;
                            border-bottom: 1px solid #504949;
                            font-size:18px;
                            text-align:center;">
                            <span style="margin-left: -72px;">${object.registration_member_id.name}</span>
                     
                        </div>
                    </div>
                <div style="margin-top: 2rem!important;
    margin: auto;
    width: 79%;
    display: -webkit-box;">
                    <div style="width: 14%;"><span style="font-size: 18px;margin-right: 15px;">Child of</span></div>
                    <div style="width: 614px;
                            border-width: 1px;
                            border-bottom: 1px solid #504949;
                            font-size:18px;
                            text-align:center;">
                            <span style="margin-left: -72px;">${ctx['father']}</span>
                        </div>
                    </div>
                
                 <div style="margin-top: 2rem!important;
                             margin: auto;
                             width: 72%;
                             display: -webkit-box;">
                    <div style="width:8%;
"><span style="font-size: 18px;">and</span></div>
                    <div style="width: 624px;
                            border-width: 1px;
                            text-align:center;
                            font-size: 18px;
                            border-bottom: 1px solid #504949;"><span style="margin-left: -72px;">${ctx['mother']}</span></div>
                    </div>
            <div style="text-align: center;margin-top:10px;"><span style="font-size: 18px;margin-right: 15px;">was</span></div>
                <div style="
text-align: center;
"><h1 style="font-size: 49px;margin-right: 15px;font-style: italic;margin-top:6px;">CONFIRMED</h1></div>
            <div style="margin-top: 2rem!important;
    margin: auto;
    width: 70%;
    display: -webkit-box;">
                    <div><span style="font-size: 18px;margin-right: 15px;">by</span></div>
                    <div style="
                            width: 599px;
                            border-width: 1px;
                            border-bottom: 1px solid #504949;
                            font-size: 18px;
                            text-align: center;
                            "><span>${ctx['officiant']}</span></div>
                </div>
                <div style="text-align:center;margin-top: 20px;margin-left: 38px"><span style="font-size:18px;"> according to the Rite of the Roman Catholic Church</span></div>
                 <div style="margin-top: 2rem!important;
                            margin: auto;
                            width: 57%;
                            display: -webkit-box;">
                    <div style="width: 13%;"><span style="font-size: 18px;">on the</span></div>
                    <div style="
                            width: 95px;
                            border-width: 1px;
                            border-bottom: 1px solid #504949;
                            font-size:18px;
                            text-align:center;
                            "><span>${ctx['day']}</span></div>
                    <div style="width: 17%;"><span style="font-size: 18px;margin-left: 15px;
                          margin-right: 15px;"> day of </span></div>
                    <div style="
                        width: 161px;
                        display: block;
                        border-width: 1px;
                        border-bottom: 1px solid #504949;
                        font-size:18px;
                        text-align:center;
                        "><span>${ctx['month']}</span></div>
                    <div><span style="font-size: 18px;margin-left: 15px;
                                      margin-right: 15px;">,</span></div>
                    <div style="
                        width: 110px;
                        border-width: 1px;
                        border-bottom: 1px solid #504949;
                        "><span>${ctx['year']}</span></div>
                </div>
                 <div style="margin-top: 2rem!important;
                            margin: auto;
                            width: 83%;
                            display: -webkit-box;">
                    <div style="width: 25%;"><span style="font-size: 18px;margin-right: 15px;">the Sponsor being </span></div>
                    <div style="width: 587px;
                            border-width: 1px;
                            border-bottom: 1px solid #504949;
                            text-align:center;
                            font-size:18px;"><span>${ctx['sponsor']}</span></div>
                </div>
                <div style="margin-top: 20px;margin-left: 78px"><span style="font-size:20px;">as appears from the Confirmation Register of this Church.</span></div>
                 <div style="margin-top: 8rem!important;
                            margin: auto;
                            width: 80%;
                            display: -webkit-box;">
                    <div style="
                            width: 369px;
                            border-width: 1px;
                            border-bottom: 1px solid #504949;
                            ">
                        <img style="width: 369px;height:75px;"/>
                    </div>
                </div>
                <div style="
                            width: 238px
                            border-width: 1px;
                            border-bottom: 1px solid #504949;
                            margin-left: 581px;
                            font-size: 18px;
                            text-align: center;
                            margin-top: -29px;
                            "><span>${ctx['today_date']}</span></div>
                <div style="font-size: 18px;
                            margin-left: 252px;">
                    <span>Pastor</span>
                    <span style="margin-left: 374px;">Date</span>
                </div>
        </field>
    </record>
</odoo>
