<?xml version="1.0" encoding="utf-8"?>
<odoo>
    <record id="email_template_first_communion_certificate_1" model="mail.template">
        <field name="name">1st Communion: Certificate1</field>
        <field name="model_id" ref="sacrament_management.model_sacrament_registration"/>
        <field name="subject">1st Communion: Certificate1</field>
        <field name="email_from"></field>
        <field name="partner_to"></field>
        <field name="body_html" type="html">
            <div style="position:absolute;top:0.80in;left:4.85in;width:5.98in;line-height:0.28in;"><span style="font-style:normal;font-weight:normal;font-size:36pt;font-family:Calligraph421 BT;color:#ff0000">Confirmation Certificate</span><span style="font-style:normal;font-weight:normal;font-size:36pt;font-family:Calligraph421 BT;color:#000000"> </span><br/></div>
            <div style="position:absolute;top:1.61in;left:5.35in;width:4.88in;line-height:0.13in;"><span style="font-style:normal;font-weight:normal;font-size:14pt;font-family:Calligraph421 BT;color:#000000">Assumption of the Blessed Virgin Mary R .C. Church</span><span style="font-style:normal;font-weight:normal;font-size:12pt;font-family:Calligraph421 BT;color:#000000"> </span><br/></div>
            <div style="position:absolute;top:1.92in;left:6.41in;width:2.77in;line-height:0.06in;"><span style="font-style:normal;font-weight:normal;font-size:10pt;font-family:Calligraph421 BT;color:#000000">20 Chestnut Street, Centereach, NY 11720</span><span style="font-style:normal;font-weight:normal;font-size:12pt;font-family:Calligraph421 BT;color:#000000"> </span><br/></div>
            <div style="position:absolute;top:2.81in;left:4.56in;width:5.51in;line-height:0.13in;"><span style="font-style:normal;font-weight:normal;font-size:16pt;font-family:Calligraph421 BT;color:#000000">According to the Rite of the Roman Catholic Church</span><span style="font-style:normal;font-weight:normal;font-size:16pt;font-family:Calligraph421 BT;color:#000000"> </span><br/></div>
            <div style="text-align: center;position: absolute;top: 3.49in;left: 4.57in;width: 5.60in;line-height: 0.33in;border-bottom: 1px solid black;">
                <span style="font-family: Roboto, Ubuntu, Arial, sans-serif;font-style: italic;font-weight: normal;font-size: 18pt;font-family: Calligraphic;color: #000000;">${object.registration_member_id.name}</span>
           </div>
            <div style="display: -webkit-box;position: absolute;top:4.83in;left:5.10in;width:3.79in;line-height:0.30in;/* margin-left: 15px; */">
                <div><span style="font-size: 18px;font-style: normal;font-weight: normal;font-size: 16pt;font-family: Calligraph421 BT;color: #000000;">on the</span></div>
                <div style="width: 82px;border-width: 1px;border-bottom: 1px solid #504949;margin-left: 15px;font-size: 18px;text-align:center;"><span>${ctx['day']}</span></div>
                <div><span style="font-size: 18px;margin-left: 15px;margin-right: 15px;font-style: normal;font-weight: normal;font-size: 16pt;font-family: Calligraph421 BT;color: #000000;"> day of </span></div>
                <div style="width: 96px;display: block;border-width: 1px;border-bottom: 1px solid #504949;font-size: 18px;text-align:center;">
                    <span>${ctx['month']}</span>
                </div>
            </div>
            <div style="position:absolute;top:5.62in;left:4.78in;width:5.02in;line-height:0.30in;"><span style="font-style:normal;font-weight:normal;font-size:16pt;font-family:Calligraph421 BT;color:#000000">at</span><span style="font-style:normal;font-weight:normal;font-size:16pt;font-family:Calligraphic;color:#000000"> Assumption of the BVM,  Centereach, NY</span><span style="font-style:normal;font-weight:normal;font-size:16pt;font-family:Calligraphic;color:#000000"> </span><br/></div>
           <div style="display: -webkit-box;position: absolute;top:4.83in;left:5.10in;width:3.79in;line-height:0.30in;/* margin-left: 15px; *//* margin-top: 2rem; */position: absolute;top: 6.55in;left: 5.30in;width: 4.07in;line-height: 0.30in;">
                <div><span style="font-size: 18px;font-style: normal;font-weight: normal;font-size: 16pt;font-family: Calligraph421 BT;color: #000000;">by</span></div>
                <div style="width: 278px;border-width: 1px;border-bottom: 1px solid #504949;margin-left: 15px;font-size: 18px;text-align:center;"><span>${ctx['officiant']}</span></div>
            </div>
            <div style="position:absolute;top:4.12in;left:5.08in;width:4.45in;line-height:0.13in;"><span style="font-style:normal;font-weight:normal;font-size:16pt;font-family:Calligraph421 BT;color:#000000">was sealed with the Gift of the Holy Spirit</span><span style="font-style:normal;font-weight:normal;font-size:16pt;font-family:Calligraph421 BT;color:#000000"> </span><br/></div>
            <div style="position:absolute;top:7.85in;left:4.90in;width:5.06in;line-height:0.20in;"><span style="font-style:italic;font-weight:normal;font-size:14pt;font-family:Monotype Corsiva;color:#800000">Come, Holy Spirit, fill the Hearts of the faithful; and </span><span style="font-style:italic;font-weight:normal;font-size:14pt;font-family:Monotype Corsiva;color:#800000"> </span><br/></div>
            <div style="position:absolute;top:8.14in;left:5.58in;width:3.67in;line-height:0.20in;"><span style="font-style:italic;font-weight:normal;font-size:14pt;font-family:Monotype Corsiva;color:#800000">kindle in them the fire of your love.</span><span style="font-style:italic;font-weight:normal;font-size:14pt;font-family:Monotype Corsiva;color:#800000"> </span><br/></div>
            <img style="position:absolute;top:7.03in;left:9.77in;width:1.65in;height:1.66in" src="/sacrament_management/static/src/img/ri1_1.png" />
            <img style="position:absolute;top:0.55in;left:0.54in;width:3.72in;height:8.18in" src="sacrament_management/static/src/img/ri_2.png" />
        </field>
    </record>

    <record id="email_template_first_communion_certificate_2" model="mail.template">
        <field name="name">1st Communion: Certificate2</field>
        <field name="model_id" ref="sacrament_management.model_sacrament_registration"/>
        <field name="subject">1st Communion: Certificate2</field>
        <field name="email_from"></field>
        <field name="partner_to"></field>
        <field name="body_html" type="html">
            <div style="/* display:-webkit-inline-box; */">
               <div style="margin-left:47px;float: left;">
                    <div>
                        <img src="/sacrament_management/static/src/img/ri1_1.png" style="width: 165px;"/>
                    </div>
                    <div>
                        <img src="/sacrament_management/static/src/img/1stCommunion Certificate_FaithFormation.png" style="margin-left: 20px;margin-top: 13px;"/>
                    </div>
                </div>
                <div style="float: right;margin-right: 82px;">
                    <div style="text-align: center;">
                        <h2 style="transform-origin: left bottom;z-index: 2;overflow: visible;line-height: 1.5;margin-bottom: 0px;font-family: cursive;/* font-size: 35px; */"><span style="font-size: 31.4px;font-weight: 100;white-space: pre;"><i>First Communion Certificate</i></span><br/></h2>
                        <span style="transform-origin: left bottom;z-index: 2;overflow: visible;line-height: 1.5;margin-bottom: 0px;margin-top:30px;"><span style="font-size: 18.4px;font-weight: 100;white-space: pre;"><i>According to the Rite of the Roman Catholic Church</i></span><br/></span>
                          <div style="margin-top: 44px!important;
                           border-width: 1px;
                            border-bottom: 1px solid #504949;
                            font-size: 25px;
                            text-align: center;
                            margin: auto;
                            width: 98%;">
                                <span style="font-family: Roboto, Ubuntu, Arial, sans-serif;
                font-style: italic;">${object.registration_member_id.name}</span>
                           </div>
                        <div style="text-align: center;margin-top:2rem;"><span style="font-size: 18px;margin-right: 15px;">received</span></div>
                         <div style="
text-align: center;margin-top:2rem;
"><h1 style="font-size: 28px;margin-right: 15px;font-style: italic;margin-top:6px;">the Holy Eucharist</h1></div>
                    </div>
                    <div style="text-align: center;margin-top:31px;"><span style="font-size: 18px;margin-right: 15px;">for the first time</span></div>
                    <div style="margin-top: 2rem!important;
                                margin: auto;
                                width: 67%;
                                display: -webkit-box;">
                    <div style="width: 23%;"><span style="font-size: 18px;">on the</span></div>
                    <div style="
                            width: 69px;
                            border-width: 1px;
                            border-bottom: 1px solid #504949;
                            text-align:center;
                            font-size: 18px;
                            "><span>${ctx['day']}</span></div>
                    <div><span style="font-size: 18px;margin-left: 15px;
                          margin-right: 15px;"> day of </span></div>
                    <div style="
                        width: 63px;
                        display: block;
                        border-width: 1px;
                        text-align:center;
                        font-size: 18px;
                        border-bottom: 1px solid #504949;
                        "><span>${ctx['month']}</span></div>
                </div>
                 <div style="text-align:center;margin-top: 31px;margin-left: -23px"><span style="font-size:18px">at</span><span style="font-size:20px;font-weight:bold;"> Assumption of the BVM Church, Centereach, NY</span></div>
                 <div style="margin-top: 8rem!important;
                            margin: auto;
                            width: 26%;
                            display: -webkit-box;">
                    <div style="
                            width: 294px;
                            border-width: 1px;
                            border-bottom: 1px solid #504949;
                            ">
                        <img style="width: 294px;height:70px;"/>
                    </div>
                </div>
                <div style="font-size: 18px;
                            margin-left: 290px;">
                    <span>pastor</span>
                </div>
                </div>
            </div>
        
        </field>
    </record>
</odoo>
