id,name,model_id:id,group_id:id,perm_read,perm_write,perm_create,perm_unlink
access_ministry_ministry,access_ministry_ministry,model_ministry_ministry,base.group_user,1,1,1,1
access_ministry_type,access_ministry_type,model_ministry_type,base.group_user,1,1,1,1
access_ministry_group,access_ministry_group,model_ministry_group,base.group_user,1,1,1,1
access_minister_minister,access_minister_minister,model_minister_minister,base.group_user,1,1,1,1
access_member_minister_details,access_member_minister_details,model_member_minister_details,base.group_user,1,1,1,1
access_schedulling_by_group,access_schedulling_by_group,model_schedulling_by_group,base.group_user,1,1,1,1
access_schedulling_by_ministry,access_schedulling_by_ministry,model_schedulling_by_ministry,base.group_user,1,1,1,1
access_minister_details,access_minister_details,model_minister_details,base.group_user,1,1,1,1