<?xml version="1.0" encoding="utf-8"?>
<odoo>
	<record id="email_template_parish_certificate" model="mail.template">
        <field name="name">Parish faith formation: Certificate</field>
        <field name="model_id" ref="sacrament_management.model_sacrament_registration"/>
        <field name="subject">Parish faith formation Certificate</field>
        <field name="email_from"></field>
        <field name="partner_to"></field>
        <field name="body_html" type="html">
        	<img style="position:absolute;top:1.85in;left:0.54in;width:9.701in;height:2.33in" src="/sacrament_management/static/src/img/vi_1.png" />
			<div style="position:absolute;top:0.64in;left:1.63in;width:3.31in;line-height:0.20in;"><span style="font-style:normal;font-weight:normal;font-size:11pt;font-family:Arabic Typesetting;color:#000000">Assumption of the Blessed Virgin Mary Church</span><span style="font-style:normal;font-weight:normal;font-size:10pt;font-family:Arabic Typesetting;color:#000000"> </span><br/></div>
			<div style="position:absolute;top:0.90in;left:1.63in;width:2.22in;line-height:0.15in;"><span style="font-style:normal;font-weight:normal;font-size:8pt;font-family:Arabic Typesetting;color:#000000">20 Chestnut Street, Centereach, NY 11720</span><span style="font-style:normal;font-weight:normal;font-size:10pt;font-family:Arabic Typesetting;color:#000000"> </span><br/></div>
			<div style="position:absolute;top:1.44in;left: 4.35in;width:2.77in;line-height:0.21in;"><span style="font-style:normal;font-weight:normal;font-size:12pt;font-family:Arabic Typesetting;color:#000000">Parish Registration Form</span><span style="font-style:normal;font-weight:normal;font-size:16pt;font-family:Arabic Typesetting;color:#000000"> </span><br/></div>
			<img style="position:absolute;top:0.56in;left: 8in;width:2.18in;height:0.92in;" src="/sacrament_management/static/src/img/ci_1.png"/>
			<img style="position:absolute;top:0.54in;left: 8in;width:2.21in;height:0.95in;" src="/sacrament_management/static/src/img/vi_2.png"/>
			<div style="position:absolute;top:0.66in;left:8.1in;width:1.94in;line-height:0.17in;"><span style="font-style:normal;font-weight:normal;font-size:9pt;font-family:Calibri;color:#000000">Date________ Reg._______</span><span style="font-style:normal;font-weight:normal;font-size:11pt;font-family:Calibri;color:#000000"> </span><br/></div>
			<div style="position:absolute;top:0.91in;left:8.1in;width:1.93in;line-height:0.17in;"><span style="font-style:normal;font-weight:normal;font-size:9pt;font-family:Calibri;color:#000000">Env. No.________________</span><span style="font-style:normal;font-weight:normal;font-size:11pt;font-family:Calibri;color:#000000"> </span><br/></div>
			<div style="position:absolute;top:1.24in;left:8.5in;width:1.34in;line-height:0.17in;"><span style="font-style:normal;font-weight:normal;font-size:9pt;font-family:Calibri;color:#000000">For Office Use Only</span><span style="font-style:normal;font-weight:normal;font-size:11pt;font-family:Calibri;color:#000000"> </span><br/></div>
			<img style="position:absolute;top:0.55in;left:0.57in;width:0.84in;height:0.84in" src="/sacrament_management/static/src/img/ri_1.png" />
			<div style="position:absolute;top:2.12in;left:0.60in;width:7.32in;line-height:0.18in;"><span style="font-style:normal;font-weight:normal;font-size:12pt;font-family:Calibri;color:#000000"> Family Last Name ___________________________________________</span><span style="font-style:normal;font-weight:normal;font-size:12pt;font-family:Calibri;color:#000000"> </span><br/></div>
			<div style="position:absolute;top:2.46in;left:0.60in;width:7.36in;line-height:0.18in;"><span style="font-style:normal;font-weight:normal;font-size:12pt;font-family:Calibri;color:#000000"> Address ___________________________________ Apt # ___________</span><span style="font-style:normal;font-weight:normal;font-size:12pt;font-family:Calibri;color:#000000"> </span><br/></div>
			<div style="position:absolute;top:2.79in;left:0.60in;width:7.36in;line-height:0.18in;"><span style="font-style:normal;font-weight:normal;font-size:12pt;font-family:Calibri;color:#000000"> Town + ZIP + 4 ______________________________________________</span><span style="font-style:normal;font-weight:normal;font-size:12pt;font-family:Calibri;color:#000000"> </span><br/></div>
			<div style="position:absolute;top:3.12in;left:0.60in;width:3.40in;line-height:0.18in;"><span style="font-style:normal;font-weight:normal;font-size:12pt;font-family:Calibri;color:#000000"> Telephone _______________________          </span><span style="font-style:normal;font-weight:normal;font-size:12pt;font-family:Calibri;color:#000000"> </span><br/></div>
			<div style="position:absolute;top:3.12in;left:3.90in;width:3.73in;line-height:0.18in;"><span style="font-style:normal;font-weight:normal;font-size:12pt;font-family:Calibri;color:#000000">Unlisted      Cellphone_______________________</span><span style="font-style:normal;font-weight:normal;font-size:12pt;font-family:Calibri;color:#000000"> </span><br/></div>
			<div style="position:absolute;top:3.46in;left:0.60in;width:3.06in;line-height:0.18in;"><span style="font-style:normal;font-weight:normal;font-size:12pt;font-family:Calibri;color:#000000"> Email ____________________________</span><span style="font-style:normal;font-weight:normal;font-size:12pt;font-family:Calibri;color:#000000"> </span><br/></div>
			<div style="position:absolute;top:3.79in;left:0.60in;width:10.06in;line-height:0.18in;"><span style="font-style:normal;font-weight:normal;font-size:12pt;font-family:Calibri;color:#000000"> Church of Marriage ______________________________Town______________ Date of Marriage_________</span><span style="font-style:normal;font-weight:normal;font-size:12pt;font-family:Calibri;color:#000000"> </span><br/></div>
			<img style="position:absolute;top:3.12in;left:3.63in;width:0.22in;height:0.20in" src="/sacrament_management/static/src/img/vi_3.png" />
			<img style="position:absolute;top:4.33in;left:0.55in;width:1.57in;height:0.82in" src="/sacrament_management/static/src/img/ci_2.png" />
			<div style="position:absolute;top:4.56in;left:0.79in;width:1.17in;line-height:0.17in;"><span style="font-style:normal;font-weight:bold;font-size:11pt;font-family:Calibri;color:#000000">Family Member </span><span style="font-style:normal;font-weight:bold;font-size:11pt;font-family:Calibri;color:#000000"> </span><br/></div>
			<div style="position:absolute;top:4.81in;left:0.92in;width:0.87in;line-height:0.17in;"><span style="font-style:normal;font-weight:bold;font-size:11pt;font-family:Calibri;color:#000000">Information</span><span style="font-style:normal;font-weight:bold;font-size:11pt;font-family:Calibri;color:#000000"> </span><br/></div>
			<img style="position:absolute;top:4.33in;left:2.11in;width:1.81in;height:0.82in" src="/sacrament_management/static/src/img/ci_3.png" />
			<div style="position:absolute;top:4.69in;left:2.66in;width:0.74in;line-height:0.17in;"><span style="font-style:normal;font-weight:bold;font-size:11pt;font-family:Calibri;color:#000000">Full Name</span><span style="font-style:normal;font-weight:bold;font-size:11pt;font-family:Calibri;color:#000000"> </span><br/></div>
			<img style="position:absolute;top:4.33in;left:3.92in;width:0.95in;height:0.82in" src="/sacrament_management/static/src/img/ci_4.png" />
			<div style="position:absolute;top:4.69in;left:4.24in;width:0.35in;line-height:0.17in;"><span style="font-style:normal;font-weight:bold;font-size:11pt;font-family:Calibri;color:#000000">DOB</span><span style="font-style:normal;font-weight:bold;font-size:11pt;font-family:Calibri;color:#000000"> </span><br/></div>
			<img style="position:absolute;top:4.33in;left:4.87in;width:0.49in;height:0.82in" src="/sacrament_management/static/src/img/ci_5.png" />
			<div style="position:absolute;top:4.69in;left:4.97in;width:0.33in;line-height:0.17in;"><span style="font-style:normal;font-weight:bold;font-size:11pt;font-family:Calibri;color:#000000">M/F</span><span style="font-style:normal;font-weight:bold;font-size:11pt;font-family:Calibri;color:#000000"> </span><br/></div>
			<img style="position:absolute;top:4.33in;left:5.35in;width:1.01in;height:0.82in" src="/sacrament_management/static/src/img/ci_6.png" />
			<div style="position:absolute;top:4.69in;left:5.58in;width:0.60in;line-height:0.17in;"><span style="font-style:normal;font-weight:bold;font-size:11pt;font-family:Calibri;color:#000000">Religion</span><span style="font-style:normal;font-weight:bold;font-size:11pt;font-family:Calibri;color:#000000"> </span><br/></div>
			<img style="position:absolute;top:4.33in;left:6.36in;width:0.58in;height:0.82in" src="/sacrament_management/static/src/img/ci_7.png" />
			<div style="position:absolute;top:4.56in;left:6.49in;width:0.36in;line-height:0.17in;"><span style="font-style:normal;font-weight:bold;font-size:11pt;font-family:Calibri;color:#000000">Bap-</span><span style="font-style:normal;font-weight:bold;font-size:11pt;font-family:Calibri;color:#000000"> </span><br/></div>
			<div style="position:absolute;top:4.81in;left:6.50in;width:0.34in;line-height:0.17in;"><span style="font-style:normal;font-weight:bold;font-size:11pt;font-family:Calibri;color:#000000">tism</span><span style="font-style:normal;font-weight:bold;font-size:11pt;font-family:Calibri;color:#000000"> </span><br/></div>
			<img style="position:absolute;top:4.33in;left:6.94in;width:0.56in;height:0.82in" src="/sacrament_management/static/src/img/ci_8.png" />
			<div style="position:absolute;top:4.56in;left:7.07in;width:0.34in;line-height:0.17in;"><span style="font-style:normal;font-weight:bold;font-size:11pt;font-family:Calibri;color:#000000">First</span><span style="font-style:normal;font-weight:bold;font-size:11pt;font-family:Calibri;color:#000000"> </span><br/></div>
			<div style="position:absolute;top:4.81in;left:6.99in;width:0.49in;line-height:0.17in;"><span style="font-style:normal;font-weight:bold;font-size:11pt;font-family:Calibri;color:#000000">Comm</span><span style="font-style:normal;font-weight:bold;font-size:11pt;font-family:Calibri;color:#000000"> </span><br/></div>
			<img style="position:absolute;top:4.33in;left:7.50in;width:0.60in;height:0.82in" src="/sacrament_management/static/src/img/ci_9.png" />
			<div style="position:absolute;top:4.56in;left:7.57in;width:0.51in;line-height:0.17in;"><span style="font-style:normal;font-weight:bold;font-size:11pt;font-family:Calibri;color:#000000">Confir-</span><span style="font-style:normal;font-weight:bold;font-size:11pt;font-family:Calibri;color:#000000"> </span><br/></div>
			<div style="position:absolute;top:4.81in;left:7.55in;width:0.53in;line-height:0.17in;"><span style="font-style:normal;font-weight:bold;font-size:11pt;font-family:Calibri;color:#000000">mation</span><span style="font-style:normal;font-weight:bold;font-size:11pt;font-family:Calibri;color:#000000"> </span><br/></div>
			<img style="position:absolute;top:4.33in;left:8.10in;width:0.67in;height:0.82in" src="/sacrament_management/static/src/img/ci_10.png" />
			<div style="position:absolute;top:4.56in;left:8.23in;width:0.43in;line-height:0.17in;"><span style="font-style:normal;font-weight:bold;font-size:11pt;font-family:Calibri;color:#000000">Occu-</span><span style="font-style:normal;font-weight:bold;font-size:11pt;font-family:Calibri;color:#000000"> </span><br/></div>
			<div style="position:absolute;top:4.81in;left:8.20in;width:0.49in;line-height:0.17in;"><span style="font-style:normal;font-weight:bold;font-size:11pt;font-family:Calibri;color:#000000">pation</span><span style="font-style:normal;font-weight:bold;font-size:11pt;font-family:Calibri;color:#000000"> </span><br/></div>
			<img style="position:absolute;top:5.15in;left:0.55in;width:1.57in;height:0.54in" src="/sacrament_management/static/src/img/ci_11.png" />
			<div style="position:absolute;top:5.25in;left:0.62in;width:0.63in;line-height:0.15in;"><span style="font-style:normal;font-weight:bold;font-size:10pt;font-family:Calibri;color:#000000">Husband </span><span style="font-style:normal;font-weight:bold;font-size:10pt;font-family:Calibri;color:#000000"> </span><br/></div>
			<div style="position:absolute;top:5.47in;left:0.62in;width:2.26in;line-height:0.15in;"><span style="font-style:normal;font-weight:bold;font-size:10pt;font-family:Calibri;color:#000000">or Significant Other</span><span style="font-style:normal;font-weight:bold;font-size:10pt;font-family:Calibri;color:#000000"> </span><br/></div>
			<img style="position:absolute;top:5.70in;left:0.55in;width:1.57in;height:0.51in" src="/sacrament_management/static/src/img/ci_12.png" />
			<div style="position:absolute;top:5.78in;left:0.62in;width:1.35in;line-height:0.15in;"><span style="font-style:normal;font-weight:bold;font-size:10pt;font-family:Calibri;color:#000000">Wife (Maiden Name)</span><span style="font-style:normal;font-weight:bold;font-size:10pt;font-family:Calibri;color:#000000"> </span><br/></div>
			<div style="position:absolute;top:6.00in;left:0.62in;width:1.30in;line-height:0.15in;"><span style="font-style:normal;font-weight:bold;font-size:10pt;font-family:Calibri;color:#000000">or Significant Other </span><span style="font-style:normal;font-weight:bold;font-size:10pt;font-family:Calibri;color:#000000"> </span><br/></div>
			<img style="position:absolute;top:6.21in;left:0.55in;width:1.57in;height:0.52in" src="/sacrament_management/static/src/img/ci_13.png" />
			<img style="position:absolute;top:6.21in;left:2.11in;width:1.81in;height:0.52in" src="/sacrament_management/static/src/img/ci_14.png" />
			<div style="position:absolute;top:6.41in;left:2.40in;width:2.27in;line-height:0.15in;"><span style="font-style:normal;font-weight:bold;font-size:10pt;font-family:Calibri;color:#000000">First and Last Name</span><span style="font-style:normal;font-weight:bold;font-size:10pt;font-family:Calibri;color:#000000"> </span><br/></div>
			<img style="position:absolute;top:6.21in;left:3.92in;width:0.95in;height:0.52in" src="/sacrament_management/static/src/img/ci_15.png" />
			<div style="position:absolute;top:6.41in;left:4.25in;width:0.32in;line-height:0.15in;"><span style="font-style:normal;font-weight:bold;font-size:10pt;font-family:Calibri;color:#000000">DOB</span><span style="font-style:normal;font-weight:bold;font-size:10pt;font-family:Calibri;color:#000000"> </span><br/></div>
			<img style="position:absolute;top:6.21in;left:4.87in;width:0.49in;height:0.52in" src="/sacrament_management/static/src/img/ci_16.png" />
			<div style="position:absolute;top:6.41in;left:4.98in;width:0.30in;line-height:0.15in;"><span style="font-style:normal;font-weight:bold;font-size:10pt;font-family:Calibri;color:#000000">M/F</span><span style="font-style:normal;font-weight:bold;font-size:10pt;font-family:Calibri;color:#000000"> </span><br/></div>
			<img style="position:absolute;top:6.21in;left:5.35in;width:1.01in;height:0.52in" src="/sacrament_management/static/src/img/ci_17.png" />
			<div style="position:absolute;top:6.41in;left:5.60in;width:0.54in;line-height:0.15in;"><span style="font-style:normal;font-weight:bold;font-size:10pt;font-family:Calibri;color:#000000">Religion</span><span style="font-style:normal;font-weight:bold;font-size:10pt;font-family:Calibri;color:#000000"> </span><br/></div>
			<img style="position:absolute;top:6.21in;left:6.36in;width:0.58in;height:0.52in" src="/sacrament_management/static/src/img/ci_18.png" />
			<div style="position:absolute;top:6.30in;left:6.51in;width:0.32in;line-height:0.15in;"><span style="font-style:normal;font-weight:bold;font-size:10pt;font-family:Calibri;color:#000000">Bap-</span><span style="font-style:normal;font-weight:bold;font-size:10pt;font-family:Calibri;color:#000000"> </span><br/></div>
			<div style="position:absolute;top:6.52in;left:6.51in;width:0.31in;line-height:0.15in;"><span style="font-style:normal;font-weight:bold;font-size:10pt;font-family:Calibri;color:#000000">tism</span><span style="font-style:normal;font-weight:bold;font-size:10pt;font-family:Calibri;color:#000000"> </span><br/></div>
			<img style="position:absolute;top:6.21in;left:6.94in;width:0.56in;height:0.52in" src="/sacrament_management/static/src/img/ci_19.png" />
			<div style="position:absolute;top:6.30in;left:7.08in;width:0.31in;line-height:0.15in;"><span style="font-style:normal;font-weight:bold;font-size:10pt;font-family:Calibri;color:#000000">First</span><span style="font-style:normal;font-weight:bold;font-size:10pt;font-family:Calibri;color:#000000"> </span><br/></div>
			<div style="position:absolute;top:6.52in;left:7.01in;width:0.44in;line-height:0.15in;"><span style="font-style:normal;font-weight:bold;font-size:10pt;font-family:Calibri;color:#000000">Comm</span><span style="font-style:normal;font-weight:bold;font-size:10pt;font-family:Calibri;color:#000000"> </span><br/></div>
			<img style="position:absolute;top:6.21in;left:7.50in;width:0.60in;height:0.52in" src="/sacrament_management/static/src/img/ci_20.png" />
			<div style="position:absolute;top:6.30in;left:7.59in;width:0.46in;line-height:0.15in;"><span style="font-style:normal;font-weight:bold;font-size:10pt;font-family:Calibri;color:#000000">Confir-</span><span style="font-style:normal;font-weight:bold;font-size:10pt;font-family:Calibri;color:#000000"> </span><br/></div>
			<div style="position:absolute;top:6.52in;left:7.58in;width:0.48in;line-height:0.15in;"><span style="font-style:normal;font-weight:bold;font-size:10pt;font-family:Calibri;color:#000000">mation</span><span style="font-style:normal;font-weight:bold;font-size:10pt;font-family:Calibri;color:#000000"> </span><br/></div>
			<img style="position:absolute;top:6.21in;left:8.10in;width:0.67in;height:0.52in" src="/sacrament_management/static/src/img/ci_21.png" />
			<img style="position:absolute;top:6.73in;left:0.55in;width:1.57in;height:0.40in" src="/sacrament_management/static/src/img/ci_22.png" />
			<div style="position:absolute;top:6.81in;left:0.62in;width:0.46in;line-height:0.15in;"><span style="font-style:normal;font-weight:bold;font-size:10pt;font-family:Calibri;color:#000000">Child 1</span><span style="font-style:normal;font-weight:bold;font-size:10pt;font-family:Calibri;color:#000000"> </span><br/></div>
			<img style="position:absolute;top:7.13in;left:0.55in;width:1.57in;height:0.46in" src="/sacrament_management/static/src/img/ci_23.png" />
			<div style="position:absolute;top:7.22in;left:0.62in;width:0.46in;line-height:0.15in;"><span style="font-style:normal;font-weight:bold;font-size:10pt;font-family:Calibri;color:#000000">Child 2</span><span style="font-style:normal;font-weight:bold;font-size:10pt;font-family:Calibri;color:#000000"> </span><br/></div>
			<img style="position:absolute;top:7.60in;left:0.55in;width:1.57in;height:0.40in" src="/sacrament_management/static/src/img/ci_24.png" />
			<div style="position:absolute;top:7.68in;left:0.62in;width:0.46in;line-height:0.15in;"><span style="font-style:normal;font-weight:bold;font-size:10pt;font-family:Calibri;color:#000000">Child 3</span><span style="font-style:normal;font-weight:bold;font-size:10pt;font-family:Calibri;color:#000000"> </span><br/></div>
			<img style="position:absolute;top:8.00in;left:0.55in;width:1.57in;height:0.40in" src="/sacrament_management/static/src/img/ci_25.png" />
			<div style="position:absolute;top:8.08in;left:0.62in;width:0.46in;line-height:0.15in;"><span style="font-style:normal;font-weight:bold;font-size:10pt;font-family:Calibri;color:#000000">Child 4</span><span style="font-style:normal;font-weight:bold;font-size:10pt;font-family:Calibri;color:#000000"> </span><br/></div>
			<img style="position:absolute;top:8.40in;left:0.55in;width:1.57in;height:0.40in" src="/sacrament_management/static/src/img/ci_26.png" />
			<div style="position:absolute;top:8.48in;left:0.62in;width:0.46in;line-height:0.15in;"><span style="font-style:normal;font-weight:bold;font-size:10pt;font-family:Calibri;color:#000000">Child 5</span><span style="font-style:normal;font-weight:bold;font-size:10pt;font-family:Calibri;color:#000000"> </span><br/></div>
			<img style="position:absolute;top:8.81in;left:0.55in;width:1.57in;height:0.40in" src="/sacrament_management/static/src/img/ci_27.png" />
			<div style="position:absolute;top:8.89in;left:0.62in;width:0.46in;line-height:0.15in;"><span style="font-style:normal;font-weight:bold;font-size:10pt;font-family:Calibri;color:#000000">Child 6</span><span style="font-style:normal;font-weight:bold;font-size:10pt;font-family:Calibri;color:#000000"> </span><br/></div>
			<img style="position:absolute;top:9.21in;left:0.55in;width:1.57in;height:0.61in" src="/sacrament_management/static/src/img/ci_28.png" />
			<div style="position:absolute;top:9.31in;left:0.62in;width:2.33in;line-height:0.18in;"><span style="font-style:normal;font-weight:bold;font-size:12pt;font-family:Calibri;color:#000000">List Others Living</span><span style="font-style:normal;font-weight:bold;font-size:12pt;font-family:Calibri;color:#000000"> </span><br/></div>
			<div style="position:absolute;top:9.57in;left:0.62in;width:0.74in;line-height:0.18in;"><span style="font-style:normal;font-weight:bold;font-size:12pt;font-family:Calibri;color:#000000">With You</span><span style="font-style:normal;font-weight:bold;font-size:12pt;font-family:Calibri;color:#000000"> </span><br/></div>
			<img style="position:absolute;top:9.21in;left:2.11in;width:1.81in;height:0.61in" src="/sacrament_management/static/src/img/ci_29.png" />
			<div style="position:absolute;top:9.46in;left:2.40in;width:1.27in;line-height:0.15in;"><span style="font-style:normal;font-weight:bold;font-size:10pt;font-family:Calibri;color:#000000">First and Last Name</span><span style="font-style:normal;font-weight:bold;font-size:10pt;font-family:Calibri;color:#000000"> </span><br/></div>
			<img style="position:absolute;top:9.21in;left:8.10in;width:0.67in;height:0.61in" src="/sacrament_management/static/src/img/ci_30.png" />
			<div style="position:absolute;top:9.35in;left:8.15in;width:0.35in;line-height:0.15in;"><span style="font-style:normal;font-weight:bold;font-size:10pt;font-family:Calibri;color:#000000">Rela-</span><span style="font-style:normal;font-weight:bold;font-size:10pt;font-family:Calibri;color:#000000"> </span><br/></div>
			<div style="position:absolute;top:9.56in;left:8.15in;width:0.55in;line-height:0.15in;"><span style="font-style:normal;font-weight:bold;font-size:10pt;font-family:Calibri;color:#000000">tonship</span><span style="font-style:normal;font-weight:bold;font-size:10pt;font-family:Calibri;color:#000000"> </span><br/></div>
			<img style="position:absolute;top:9.21in;left:3.92in;width:4.18in;height:0.61in" src="/sacrament_management/static/src/img/ci_31.png" />
			<img style="position:absolute;top:9.82in;left:0.55in;width:1.57in;height:0.40in" src="/sacrament_management/static/src/img/ci_32.png" />
			<div style="position:absolute;top:9.91in;left:0.62in;width:0.11in;line-height:0.15in;"><span style="font-style:normal;font-weight:bold;font-size:10pt;font-family:Calibri;color:#000000">1</span><span style="font-style:normal;font-weight:bold;font-size:10pt;font-family:Calibri;color:#000000"> </span><br/></div>
			<img style="position:absolute;top:10.22in;left:0.55in;width:1.57in;height:0.40in" src="/sacrament_management/static/src/img/ci_33.png" />
			<div style="position:absolute;top:10.30in;left:0.62in;width:0.15in;line-height:0.15in;"><span style="font-style:normal;font-weight:bold;font-size:10pt;font-family:Calibri;color:#000000">2 </span><span style="font-style:normal;font-weight:bold;font-size:10pt;font-family:Calibri;color:#000000"> </span><br/></div>
			<img style="position:absolute;top:10.62in;left:0.55in;width:1.57in;height:0.40in" src="/sacrament_management/static/src/img/ci_34.png" />
			<div style="position:absolute;top:10.71in;left:0.62in;width:0.11in;line-height:0.15in;"><span style="font-style:normal;font-weight:bold;font-size:10pt;font-family:Calibri;color:#000000">3</span><span style="font-style:normal;font-weight:bold;font-size:10pt;font-family:Calibri;color:#000000"> </span><br/></div>
			<img style="position:absolute;top:11.03in;left:0.55in;width:1.57in;height:0.40in" src="/sacrament_management/static/src/img/ci_35.png" />
			<div style="position:absolute;top:11.11in;left:0.62in;width:0.11in;line-height:0.15in;"><span style="font-style:normal;font-weight:bold;font-size:10pt;font-family:Calibri;color:#000000">4</span><span style="font-style:normal;font-weight:bold;font-size:10pt;font-family:Calibri;color:#000000"> </span><br/></div>
			<img style="position:absolute;top:4.33in;left:0.55in;width:0.03in;height:0.82in" src="/sacrament_management/static/src/img/vi_4.png" />
			<img style="position:absolute;top:4.36in;left:2.11in;width:0.01in;height:0.77in" src="/sacrament_management/static/src/img/vi_5.png" />
			<img style="position:absolute;top:4.36in;left:3.92in;width:0.01in;height:0.77in" src="/sacrament_management/static/src/img/vi_6.png" />
			<img style="position:absolute;top:4.36in;left:4.87in;width:0.01in;height:0.77in" src="/sacrament_management/static/src/img/vi_7.png" />
			<img style="position:absolute;top:4.36in;left:5.35in;width:0.01in;height:0.77in" src="/sacrament_management/static/src/img/vi_8.png" />
			<img style="position:absolute;top:4.36in;left:6.36in;width:0.01in;height:1.83in" src="/sacrament_management/static/src/img/vi_9.png" />
			<img style="position:absolute;top:4.36in;left:6.94in;width:0.01in;height:1.83in" src="/sacrament_management/static/src/img/vi_10.png" />
			<img style="position:absolute;top:4.36in;left:7.50in;width:0.01in;height:1.83in" src="/sacrament_management/static/src/img/vi_11.png" />
			<img style="position:absolute;top:4.36in;left:8.10in;width:0.01in;height:1.83in" src="/sacrament_management/static/src/img/vi_12.png" />
			<img style="position:absolute;top:4.33in;left:8.74in;width:0.03in;height:1.87in" src="/sacrament_management/static/src/img/vi_13.png" />
			<img style="position:absolute;top:5.15in;left:0.55in;width:0.03in;height:4.05in" src="/sacrament_management/static/src/img/vi_14.png" />
			<img style="position:absolute;top:5.17in;left:2.10in;width:0.03in;height:1.02in" src="/sacrament_management/static/src/img/vi_15.png" />
			<img style="position:absolute;top:5.17in;left:3.92in;width:0.01in;height:0.52in" src="/sacrament_management/static/src/img/vi_16.png" />
			<img style="position:absolute;top:5.17in;left:4.87in;width:0.01in;height:1.02in" src="/sacrament_management/static/src/img/vi_17.png" />
			<img style="position:absolute;top:5.17in;left:5.35in;width:0.01in;height:1.02in" src="/sacrament_management/static/src/img/vi_18.png" />
			<img style="position:absolute;top:5.70in;left:3.92in;width:0.01in;height:0.49in" src="/sacrament_management/static/src/img/vi_19.png" />
			<img style="position:absolute;top:6.75in;left:2.10in;width:0.03in;height:2.45in" src="/sacrament_management/static/src/img/vi_20.png" />
			<img style="position:absolute;top:6.75in;left:3.92in;width:0.01in;height:0.38in" src="/sacrament_management/static/src/img/vi_21.png" />
			<img style="position:absolute;top:6.75in;left:4.87in;width:0.01in;height:2.45in" src="/sacrament_management/static/src/img/vi_22.png" />
			<img style="position:absolute;top:6.75in;left:5.35in;width:0.01in;height:2.45in" src="/sacrament_management/static/src/img/vi_23.png" />
			<img style="position:absolute;top:6.75in;left:6.36in;width:0.01in;height:2.45in" src="/sacrament_management/static/src/img/vi_24.png" />
			<img style="position:absolute;top:6.75in;left:6.94in;width:0.01in;height:2.45in" src="/sacrament_management/static/src/img/vi_25.png" />
			<img style="position:absolute;top:6.75in;left:7.50in;width:0.01in;height:2.45in" src="/sacrament_management/static/src/img/vi_26.png" />
			<img style="position:absolute;top:6.75in;left:8.10in;width:0.01in;height:2.45in" src="/sacrament_management/static/src/img/vi_27.png" />
			<img style="position:absolute;top:6.73in;left:8.74in;width:0.03in;height:2.48in" src="/sacrament_management/static/src/img/vi_28.png" />
			<img style="position:absolute;top:7.14in;left:3.92in;width:0.01in;height:0.45in" src="/sacrament_management/static/src/img/vi_29.png" />
			<img style="position:absolute;top:7.60in;left:3.92in;width:0.01in;height:0.40in" src="/sacrament_management/static/src/img/vi_30.png" />
			<img style="position:absolute;top:8.00in;left:3.92in;width:0.01in;height:0.40in" src="/sacrament_management/static/src/img/vi_31.png" />
			<img style="position:absolute;top:8.41in;left:3.92in;width:0.01in;height:0.40in" src="/sacrament_management/static/src/img/vi_32.png" />
			<img style="position:absolute;top:8.81in;left:3.92in;width:0.01in;height:0.38in" src="/sacrament_management/static/src/img/vi_33.png" />
			<img style="position:absolute;top:9.21in;left:0.55in;width:0.03in;height:0.61in" src="/sacrament_management/static/src/img/vi_34.png" />
			<img style="position:absolute;top:9.22in;left:2.10in;width:0.03in;height:0.58in" src="/sacrament_management/static/src/img/vi_35.png" />
			<img style="position:absolute;top:9.22in;left:3.92in;width:0.01in;height:0.58in" src="/sacrament_management/static/src/img/vi_36.png" />
			<img style="position:absolute;top:9.22in;left:8.10in;width:0.01in;height:0.58in" src="/sacrament_management/static/src/img/vi_37.png" />
			<img style="position:absolute;top:9.21in;left:8.74in;width:0.03in;height:0.61in" src="/sacrament_management/static/src/img/vi_38.png" />
			<img style="position:absolute;top:9.82in;left:0.55in;width:0.03in;height:1.58in" src="/sacrament_management/static/src/img/vi_39.png" />
			<img style="position:absolute;top:9.83in;left:2.10in;width:0.03in;height:1.57in" src="/sacrament_management/static/src/img/vi_40.png" />
			<img style="position:absolute;top:9.83in;left:3.92in;width:0.01in;height:1.57in" src="/sacrament_management/static/src/img/vi_41.png" />
			<img style="position:absolute;top:9.83in;left:4.87in;width:0.01in;height:1.57in" src="/sacrament_management/static/src/img/vi_42.png" />
			<img style="position:absolute;top:9.83in;left:5.35in;width:0.01in;height:1.57in" src="/sacrament_management/static/src/img/vi_43.png" />
			<img style="position:absolute;top:9.83in;left:6.36in;width:0.01in;height:1.57in" src="/sacrament_management/static/src/img/vi_44.png" />
			<img style="position:absolute;top:9.83in;left:6.94in;width:0.01in;height:1.57in" src="/sacrament_management/static/src/img/vi_45.png" />
			<img style="position:absolute;top:9.83in;left:7.50in;width:0.01in;height:1.57in" src="/sacrament_management/static/src/img/vi_46.png" />
			<img style="position:absolute;top:9.83in;left:8.10in;width:0.01in;height:1.57in" src="/sacrament_management/static/src/img/vi_47.png" />
			<img style="position:absolute;top:9.82in;left:8.74in;width:0.03in;height:1.58in" src="/sacrament_management/static/src/img/vi_48.png" />
			<img style="position:absolute;top:6.22in;left:2.10in;width:0.03in;height:0.49in" src="/sacrament_management/static/src/img/vi_49.png" />
			<img style="position:absolute;top:6.22in;left:3.92in;width:0.01in;height:0.49in" src="/sacrament_management/static/src/img/vi_50.png" />
			<img style="position:absolute;top:6.22in;left:4.87in;width:0.01in;height:0.49in" src="/sacrament_management/static/src/img/vi_51.png" />
			<img style="position:absolute;top:6.22in;left:5.35in;width:0.01in;height:0.49in" src="/sacrament_management/static/src/img/vi_52.png" />
			<img style="position:absolute;top:6.22in;left:6.36in;width:0.01in;height:0.49in" src="/sacrament_management/static/src/img/vi_53.png" />
			<img style="position:absolute;top:6.22in;left:6.94in;width:0.01in;height:0.49in" src="/sacrament_management/static/src/img/vi_54.png" />
			<img style="position:absolute;top:6.22in;left:7.50in;width:0.01in;height:0.49in" src="/sacrament_management/static/src/img/vi_55.png" />
			<img style="position:absolute;top:6.22in;left:8.10in;width:0.01in;height:0.49in" src="/sacrament_management/static/src/img/vi_56.png" />
			<img style="position:absolute;top:6.21in;left:8.74in;width:0.03in;height:0.52in" src="/sacrament_management/static/src/img/vi_57.png" />
			<img style="position:absolute;top:4.33in;left:0.55in;width:5.82in;height:0.03in" src="/sacrament_management/static/src/img/vi_58.png" />
			<img style="position:absolute;top:5.14in;left:0.58in;width:1.54in;height:0.03in" src="/sacrament_management/static/src/img/vi_59.png" />
			<img style="position:absolute;top:5.14in;left:2.11in;width:6.63in;height:0.03in" src="/sacrament_management/static/src/img/vi_60.png" />
			<img style="position:absolute;top:4.33in;left:6.36in;width:2.41in;height:0.03in" src="/sacrament_management/static/src/img/vi_61.png" />
			<img style="position:absolute;top:5.69in;left:0.58in;width:1.54in;height:0.01in" src="/sacrament_management/static/src/img/vi_62.png" />
			<img style="position:absolute;top:5.69in;left:2.11in;width:6.63in;height:0.01in" src="/sacrament_management/static/src/img/vi_63.png" />
			<img style="position:absolute;top:6.20in;left:0.58in;width:1.54in;height:0.01in" src="/sacrament_management/static/src/img/vi_64.png" />
			<img style="position:absolute;top:6.19in;left:2.11in;width:6.63in;height:0.03in" src="/sacrament_management/static/src/img/vi_65.png" />
			<img style="position:absolute;top:6.73in;left:0.58in;width:1.54in;height:0.01in" src="/sacrament_management/static/src/img/vi_66.png" />
			<img style="position:absolute;top:7.13in;left:0.58in;width:1.54in;height:0.01in" src="/sacrament_management/static/src/img/vi_67.png" />
			<img style="position:absolute;top:6.72in;left:2.11in;width:6.63in;height:0.03in" src="/sacrament_management/static/src/img/vi_68.png" />
			<img style="position:absolute;top:7.13in;left:2.11in;width:6.63in;height:0.01in" src="/sacrament_management/static/src/img/vi_69.png" />
			<img style="position:absolute;top:7.59in;left:0.58in;width:1.54in;height:0.01in" src="/sacrament_management/static/src/img/vi_70.png" />
			<img style="position:absolute;top:7.59in;left:2.11in;width:6.63in;height:0.01in" src="/sacrament_management/static/src/img/vi_71.png" />
			<img style="position:absolute;top:7.99in;left:0.58in;width:1.54in;height:0.01in" src="/sacrament_management/static/src/img/vi_72.png" />
			<img style="position:absolute;top:7.99in;left:2.11in;width:6.63in;height:0.01in" src="/sacrament_management/static/src/img/vi_73.png" />
			<img style="position:absolute;top:8.40in;left:0.58in;width:1.54in;height:0.01in" src="/sacrament_management/static/src/img/vi_74.png" />
			<img style="position:absolute;top:8.40in;left:2.11in;width:6.63in;height:0.01in" src="/sacrament_management/static/src/img/vi_75.png" />
			<img style="position:absolute;top:8.80in;left:0.58in;width:1.54in;height:0.01in" src="/sacrament_management/static/src/img/vi_76.png" />
			<img style="position:absolute;top:8.80in;left:2.11in;width:6.63in;height:0.01in" src="/sacrament_management/static/src/img/vi_77.png" />
			<img style="position:absolute;top:9.19in;left:0.58in;width:1.54in;height:0.03in" src="/sacrament_management/static/src/img/vi_78.png" />
			<img style="position:absolute;top:9.19in;left:2.11in;width:6.63in;height:0.03in" src="/sacrament_management/static/src/img/vi_79.png" />
			<img style="position:absolute;top:9.80in;left:0.58in;width:1.54in;height:0.03in" src="/sacrament_management/static/src/img/vi_80.png" />
			<img style="position:absolute;top:9.80in;left:2.11in;width:6.63in;height:0.03in" src="/sacrament_management/static/src/img/vi_81.png" />
			<img style="position:absolute;top:10.22in;left:0.58in;width:1.54in;height:0.01in" src="/sacrament_management/static/src/img/vi_82.png" />
			<img style="position:absolute;top:10.22in;left:2.11in;width:6.63in;height:0.01in" src="/sacrament_management/static/src/img/vi_83.png" />
			<img style="position:absolute;top:10.62in;left:0.58in;width:1.54in;height:0.01in" src="/sacrament_management/static/src/img/vi_84.png" />
			<img style="position:absolute;top:10.62in;left:2.11in;width:6.63in;height:0.01in" src="/sacrament_management/static/src/img/vi_85.png" />
			<img style="position:absolute;top:11.02in;left:0.58in;width:1.54in;height:0.01in" src="/sacrament_management/static/src/img/vi_86.png" />
			<img style="position:absolute;top:11.02in;left:2.11in;width:6.63in;height:0.01in" src="/sacrament_management/static/src/img/vi_87.png" />
			<img style="position:absolute;top:11.40in;left:0.55in;width:1.57in;height:0.03in" src="/sacrament_management/static/src/img/vi_88.png" />
			<img style="position:absolute;top:11.40in;left:2.11in;width:6.66in;height:0.03in" src="/sacrament_management/static/src/img/vi_89.png" />
			<img style="position:absolute;top:4.32in;left:0.55in;width:0.03in;height:0.03in" src="/sacrament_management/static/src/img/ci_36.png" />
        </field>
	</record>
</odoo>