<?xml version="1.0" encoding="utf-8"?>
<odoo>
	<record id="email_template_registration_certificate" model="mail.template">
        <field name="name">Registration : Certificate</field>
        <field name="model_id" ref="sacrament_management.model_sacrament_registration"/>
        <field name="subject">Registration Certificate</field>
        <field name="email_from"></field>
        <field name="partner_to"></field>
        <field name="body_html" type="html">
			<div id="page1-div" style="position:relative;width:918px;height:1188px;">
			<img width="918" height="1188" src="/sacrament_management/static/src/img/target001.png" alt="background image"/>
			<p style="position:absolute;top:1035px;left:57px;white-space:nowrapfont-size:30px;" class="ft10">Faith&#160;Formation&#160;takes photographs&#160;of&#160;children&#160;at&#160;“all&#160;events”,&#160;including&#160;classes,&#160;and&#160;liturgies for&#160;use&#160;in&#160;various&#160;newsletters,&#160;presen-</p>
			<p style="position:absolute;top:1051px;left:57px;white-space:nowrap" class="ft10">tations,&#160;articles,&#160;publications&#160;and/or&#160;registration&#160;website.&#160;&#160;&#160;&#160;&#160;&#160;&#160;&#160;&#160;&#160;&#160;<b>I&#160;DO&#160;&#160;&#160;</b>&#160;&#160;&#160;&#160;&#160;&#160;&#160;<b>DO&#160;NOT&#160;</b>give&#160;permission&#160;for&#160;my&#160;child’s&#160;likeness/name&#160;to&#160;be&#160;</p>
			<p style="position:absolute;top:1067px;left:57px;white-space:nowrap" class="ft10">included.&#160;</p>
			<p style="position:absolute;top:1092px;left:57px;white-space:nowrap" class="ft10">Signature&#160;of&#160;Parent/Guardian_______________________________________Date:______________________________________&#160;</p>
			<p style="position:absolute;top:467px;left:193px;white-space:nowrap" class="ft12">&#160;&#160;&#160;&#160;&#160;&#160;&#160;&#160;&#160;&#160;&#160;&#160;&#160;&#160;&#160;&#160;&#160;&#160;&#160;&#160;&#160;&#160;&#160;&#160;&#160;&#160;&#160;&#160;&#160;&#160;&#160;&#160;&#160;&#160;</p>
			<p style="position:absolute;top:479px;left:397px;white-space:nowrap" class="ft13">&#160;First&#160;&#160;&#160;&#160;&#160;&#160;&#160;&#160;&#160;&#160;&#160;&#160;&#160;&#160;&#160;&#160;&#160;&#160;&#160;&#160;&#160;&#160;&#160;&#160;&#160;&#160;&#160;&#160;&#160;&#160;&#160;&#160;&#160;&#160;&#160;&#160;&#160;&#160;&#160;&#160;&#160;&#160;&#160;&#160;&#160;&#160;&#160;&#160;&#160;&#160;&#160;&#160;&#160;&#160;&#160;&#160;&#160;&#160;&#160;&#160;&#160;&#160;&#160;&#160;&#160;&#160;&#160;&#160;&#160;&#160;&#160;&#160;&#160;&#160;&#160;&#160;&#160;&#160;&#160;&#160;&#160;&#160;&#160;&#160;&#160;&#160;&#160;&#160;&#160;&#160;&#160;&#160;&#160;&#160;&#160;&#160;&#160;&#160;&#160;&#160;&#160;&#160;&#160;&#160;&#160;&#160;&#160;Last</p>
			<p style="position:absolute;top:479px;left:718px;white-space:nowrap" class="ft14">&#160;</p>
			<p style="position:absolute;top:46px;left:217px;white-space:nowrap;font-size:30px;" class="ft15"><b>&#160; &#160;Faith&#160;Formation&#160;Registration&#160;Form&#160;2019-2020&#160;</b></p>
			<p style="position:absolute;top:89px;left:66px;white-space:nowrap" class="ft16"><b>&#160;</b></p>
			<p style="position:absolute;top:117px;left:124px;white-space:nowrap" class="ft16"><b>&#160;&#160;&#160;&#160;&#160;&#160;&#160;&#160;&#160;&#160;&#160;&#160;&#160;&#160;&#160;&#160;&#160;&#160;</b></p>
			<p style="position:absolute;top:153px;left:66px;white-space:nowrap" class="ft16"><b>&#160;</b></p>
			<p style="position:absolute;top:98px;left:217px;white-space:nowrap;font-size:21px;" class="ft16"><b>Child&#160;/Children’s&#160;information&#160;(Please fill&#160;out&#160;one&#160;form&#160;per&#160;family)</b></p>
			<p style="position:absolute;top:106px;left:834px;white-space:nowrap" class="ft10">&#160;</p>
			<p style="position:absolute;top:156px;left:150px;white-space:nowrap;font-size:27px;" class="ft17"><b>Family&#160;Name:_____________________________&#160;Family&#160;#________&#160;</b></p>
			<p style="position:absolute;top:271px;left:537px;white-space:nowrap" class="ft11"><b>1</b></p>
			<p style="position:absolute;top:269px;left:544px;white-space:nowrap" class="ft18"><b>st</b></p>
			<p style="position:absolute;top:271px;left:551px;white-space:nowrap" class="ft11"><b>&#160;Choice&#160;&#160;&#160;&#160;&#160;&#160;&#160;&#160;&#160;&#160;&#160;2</b></p>
			<p style="position:absolute;top:269px;left:648px;white-space:nowrap" class="ft18"><b>nd&#160;</b></p>
			<p style="position:absolute;top:271px;left:661px;white-space:nowrap" class="ft11"><b>Choice&#160;</b></p>
			<p style="position:absolute;top:253px;left:94px;white-space:nowrap" class="ft11"><b>First&#160;Name&#160;</b></p>
			<p style="position:absolute;top:253px;left:229px;white-space:nowrap" class="ft11"><b>Last&#160;Name&#160;</b></p>
			<p style="position:absolute;top:253px;left:358px;white-space:nowrap" class="ft11"><b>D.O.B&#160;</b></p>
			<p style="position:absolute;top:253px;left:441px;white-space:nowrap" class="ft11"><b>M/F&#160;&#160;Level&#160;</b></p>
			<p style="position:absolute;top:245px;left:577px;white-space:nowrap" class="ft11"><b>&#160;</b></p>
			<p style="position:absolute;top:245px;left:678px;white-space:nowrap" class="ft11"><b>&#160;</b></p>
			<p style="position:absolute;top:245px;left:795px;white-space:nowrap" class="ft11"><b>&#160;</b></p>
			<p style="position:absolute;top:294px;left:60px;white-space:nowrap" class="ft10">&#160;</p>
			<p style="position:absolute;top:294px;left:210px;white-space:nowrap" class="ft10">&#160;</p>
			<p style="position:absolute;top:294px;left:328px;white-space:nowrap" class="ft10">&#160;</p>
			<p style="position:absolute;top:294px;left:437px;white-space:nowrap" class="ft10">&#160;</p>
			<p style="position:absolute;top:294px;left:482px;white-space:nowrap" class="ft10">&#160;</p>
			<p style="position:absolute;top:294px;left:530px;white-space:nowrap" class="ft10">&#160;</p>
			<p style="position:absolute;top:294px;left:634px;white-space:nowrap" class="ft10">&#160;</p>
			<p style="position:absolute;top:294px;left:732px;white-space:nowrap" class="ft10">&#160;</p>
			<p style="position:absolute;top:322px;left:60px;white-space:nowrap" class="ft10">&#160;</p>
			<p style="position:absolute;top:322px;left:210px;white-space:nowrap" class="ft10">&#160;</p>
			<p style="position:absolute;top:322px;left:328px;white-space:nowrap" class="ft10">&#160;</p>
			<p style="position:absolute;top:322px;left:437px;white-space:nowrap" class="ft10">&#160;</p>
			<p style="position:absolute;top:322px;left:482px;white-space:nowrap" class="ft10">&#160;</p>
			<p style="position:absolute;top:322px;left:530px;white-space:nowrap" class="ft10">&#160;</p>
			<p style="position:absolute;top:322px;left:634px;white-space:nowrap" class="ft10">&#160;</p>
			<p style="position:absolute;top:322px;left:732px;white-space:nowrap" class="ft10">&#160;</p>
			<p style="position:absolute;top:350px;left:60px;white-space:nowrap" class="ft10">&#160;</p>
			<p style="position:absolute;top:350px;left:210px;white-space:nowrap" class="ft10">&#160;</p>
			<p style="position:absolute;top:350px;left:328px;white-space:nowrap" class="ft10">&#160;</p>
			<p style="position:absolute;top:350px;left:437px;white-space:nowrap" class="ft10">&#160;</p>
			<p style="position:absolute;top:350px;left:482px;white-space:nowrap" class="ft10">&#160;</p>
			<p style="position:absolute;top:350px;left:530px;white-space:nowrap" class="ft10">&#160;</p>
			<p style="position:absolute;top:350px;left:634px;white-space:nowrap" class="ft10">&#160;</p>
			<p style="position:absolute;top:350px;left:732px;white-space:nowrap" class="ft10">&#160;</p>
			<p style="position:absolute;top:378px;left:60px;white-space:nowrap" class="ft10">&#160;</p>
			<p style="position:absolute;top:378px;left:210px;white-space:nowrap" class="ft10">&#160;</p>
			<p style="position:absolute;top:378px;left:328px;white-space:nowrap" class="ft10">&#160;</p>
			<p style="position:absolute;top:378px;left:437px;white-space:nowrap" class="ft10">&#160;</p>
			<p style="position:absolute;top:378px;left:482px;white-space:nowrap" class="ft10">&#160;</p>
			<p style="position:absolute;top:378px;left:530px;white-space:nowrap" class="ft10">&#160;</p>
			<p style="position:absolute;top:378px;left:634px;white-space:nowrap" class="ft10">&#160;</p>
			<p style="position:absolute;top:378px;left:732px;white-space:nowrap" class="ft10">&#160;</p>
			<p style="position:absolute;top:214px;left:93px;white-space:nowrap" class="ft19"><i>New Registration*Please&#160;fill out&#160;Sacramental&#160;information</i></p>
			<p style="position:absolute;top:213px;left:580px;white-space:nowrap" class="ft110">&#160;</p>
			<p style="position:absolute;top:218px;left:584px;white-space:nowrap" class="ft10">&#160;</p>
			<p style="position:absolute;top:242px;left:573px;white-space:nowrap" class="ft11"><b>Session Requested&#160;</b></p>
			<p style="position:absolute;top:242px;left:737px;white-space:nowrap" class="ft111"><b>For&#160;Office&#160;Use&#160;Only&#160;</b></p>
			<p style="position:absolute;top:268px;left:760px;white-space:nowrap" class="ft11"><b>Placement&#160;</b></p>
			<p style="position:absolute;top:501px;left:358px;white-space:nowrap" class="ft12">&#160;&#160;&#160;&#160;&#160;&#160;&#160;</p>
			<p style="position:absolute;top:513px;left:399px;white-space:nowrap" class="ft13">First&#160;&#160;&#160;&#160;&#160;&#160;&#160;&#160;&#160;&#160;&#160;&#160;&#160;&#160;&#160;&#160;&#160;&#160;&#160;&#160;&#160;&#160;&#160;&#160;&#160;&#160;&#160;&#160;&#160;&#160;&#160;&#160;&#160;&#160;&#160;&#160;&#160;&#160;&#160;&#160;&#160;&#160;&#160;&#160;&#160;&#160;&#160;&#160;&#160;&#160;&#160;&#160;&#160;&#160;&#160;&#160;&#160;&#160;&#160;&#160;&#160;&#160;&#160;&#160;&#160;&#160;&#160;&#160;&#160;&#160;&#160;&#160;&#160;&#160;&#160;&#160;&#160;&#160;&#160;&#160;&#160;&#160;&#160;&#160;&#160;&#160;&#160;&#160;&#160;&#160;&#160;&#160;&#160;&#160;&#160;&#160;&#160;&#160;&#160;&#160;&#160;&#160;&#160;&#160;&#160;&#160;&#160;Last</p>
			<p style="position:absolute;top:513px;left:718px;white-space:nowrap" class="ft14">&#160;</p>
			<p style="position:absolute;top:419px;left:63px;white-space:nowrap" class="ft16"><b>Parent(s)/Guardian&#160;Information&#160;</b></p>
			<p style="position:absolute;top:457px;left:63px;white-space:nowrap" class="ft112">Name(s):&#160;</p>
			<p style="position:absolute;top:451px;left:129px;white-space:nowrap" class="ft12">____________________________________________________________&#160;</p>
			<p style="position:absolute;top:485px;left:63px;white-space:nowrap" class="ft12">&#160;&#160;&#160;&#160;&#160;&#160;&#160;&#160;&#160;&#160;&#160;____________________________________________________________&#160;</p>
			<p style="position:absolute;top:501px;left:63px;white-space:nowrap" class="ft12">&#160;&#160;&#160;&#160;&#160;&#160;&#160;&#160;&#160;&#160;&#160;&#160;&#160;&#160;&#160;&#160;&#160;&#160;&#160;&#160;&#160;&#160;&#160;&#160;&#160;&#160;&#160;&#160;&#160;&#160;&#160;&#160;&#160;&#160;</p>
			<p style="position:absolute;top:513px;left:267px;white-space:nowrap" class="ft13">&#160;</p>
			<p style="position:absolute;top:514px;left:269px;white-space:nowrap" class="ft14">&#160;</p>
			<p style="position:absolute;top:525px;left:63px;white-space:nowrap" class="ft112">Address_________________________________________________________________________________________</p>
			<p style="position:absolute;top:531px;left:851px;white-space:nowrap" class="ft14">&#160;</p>
			<p style="position:absolute;top:552px;left:63px;white-space:nowrap" class="ft112">Phone:(H)_______________________(C)_______________________Email__________________________________</p>
			<p style="position:absolute;top:550px;left:853px;white-space:nowrap" class="ft12">&#160;</p>
			<p style="position:absolute;top:587px;left:63px;white-space:nowrap" class="ft112">Phone:(H)________________________(C)_______________________Email</p>
			<p style="position:absolute;top:588px;left:581px;white-space:nowrap" class="ft10">____________________________________&#160;</p>
			<p style="position:absolute;top:630px;left:63px;white-space:nowrap" class="ft110">Preferred phone&#160;to be&#160;contacted during&#160;class time:_______________________________________________</p>
			<p style="position:absolute;top:636px;left:847px;white-space:nowrap" class="ft10">&#160;</p>
			<p style="position:absolute;top:669px;left:63px;white-space:nowrap" class="ft112">Emergency&#160;Contact&#160;other&#160;than Parent/Guardian:&#160;</p>
			<p style="position:absolute;top:670px;left:385px;white-space:nowrap" class="ft10">______________________________________________________________</p>
			<p style="position:absolute;top:669px;left:850px;white-space:nowrap" class="ft113">&#160;</p>
			<p style="position:absolute;top:712px;left:63px;white-space:nowrap" class="ft16"><b>*Sacramental&#160;Information (For&#160;NEW&#160;Registrants)&#160;</b></p>
			<p style="position:absolute;top:743px;left:63px;white-space:nowrap" class="ft112">Date of&#160;Baptism<b>:____________&#160;</b>Registration :_______________________________________________________________</p>
			<p style="position:absolute;top:742px;left:849px;white-space:nowrap" class="ft12">&#160;</p>
			<p style="position:absolute;top:754px;left:63px;white-space:nowrap" class="ft12">&#160;</p>
			<p style="position:absolute;top:754px;left:117px;white-space:nowrap" class="ft12">&#160;</p>
			<p style="position:absolute;top:754px;left:171px;white-space:nowrap" class="ft12">&#160;</p>
			<p style="position:absolute;top:754px;left:225px;white-space:nowrap" class="ft12">&#160;</p>
			<p style="position:absolute;top:754px;left:279px;white-space:nowrap" class="ft12">&#160;</p>
			<p style="position:absolute;top:749px;left:333px;white-space:nowrap" class="ft12">&#160;&#160;&#160;&#160;&#160;&#160;&#160;&#160;&#160;&#160;&#160;&#160;&#160;&#160;</p>
			<p style="position:absolute;top:761px;left:417px;white-space:nowrap" class="ft13">Name</p>
			<p style="position:absolute;top:754px;left:442px;white-space:nowrap" class="ft12">&#160;</p>
			<p style="position:absolute;top:749px;left:495px;white-space:nowrap" class="ft12">&#160;&#160;&#160;&#160;&#160;&#160;&#160;&#160;&#160;&#160;&#160;&#160;&#160;&#160;&#160;&#160;&#160;&#160;&#160;&#160;&#160;&#160;&#160;&#160;&#160;&#160;&#160;</p>
			<p style="position:absolute;top:761px;left:657px;white-space:nowrap" class="ft13">City,&#160;State&#160;</p>
			<p style="position:absolute;top:754px;left:711px;white-space:nowrap" class="ft12">&#160;</p>
			<p style="position:absolute;top:772px;left:63px;white-space:nowrap" class="ft112">Date of&#160;First&#160;Communion<b>&#160;:____________&#160;</b>Registration :_______________________________________________________</p>
			<p style="position:absolute;top:777px;left:849px;white-space:nowrap" class="ft10">&#160;</p>
			<p style="position:absolute;top:785px;left:63px;white-space:nowrap" class="ft113">&#160;</p>
			<p style="position:absolute;top:785px;left:117px;white-space:nowrap" class="ft113">&#160;</p>
			<p style="position:absolute;top:785px;left:171px;white-space:nowrap" class="ft113">&#160;</p>
			<p style="position:absolute;top:785px;left:225px;white-space:nowrap" class="ft113">&#160;</p>
			<p style="position:absolute;top:785px;left:279px;white-space:nowrap" class="ft113">&#160;</p>
			<p style="position:absolute;top:780px;left:333px;white-space:nowrap" class="ft113">&#160; &#160; &#160; &#160;&#160;&#160; &#160; &#160;&#160;&#160;&#160;</p>
			<p style="position:absolute;top:790px;left:417px;white-space:nowrap" class="ft13">Name&#160;&#160;&#160;&#160;&#160;&#160;&#160;&#160;&#160;&#160;&#160;&#160;&#160;&#160;&#160;&#160;&#160;&#160;&#160;&#160;&#160;&#160;&#160;&#160;&#160;&#160;&#160;&#160;&#160;&#160;&#160;&#160;&#160;&#160;&#160;&#160;&#160;&#160;&#160;&#160;&#160;&#160;&#160;&#160;&#160;&#160;&#160;&#160;&#160;&#160;&#160;&#160;&#160;&#160;&#160;&#160;&#160;&#160;&#160;&#160;&#160;&#160;&#160;&#160;&#160;&#160;&#160;&#160;&#160;&#160;&#160;&#160;&#160;&#160;&#160;&#160;&#160;&#160;&#160;&#160;&#160;&#160;City,&#160;State</p>
			<p style="position:absolute;top:789px;left:702px;white-space:nowrap" class="ft11"><b>&#160;</b></p>
			<p style="position:absolute;top:879px;left:58px;white-space:nowrap" class="ft10">&#160;</p>
			<p style="position:absolute;top:891px;left:58px;white-space:nowrap" class="ft115"><b>Additional Information&#160;</b></p>
			<p style="position:absolute;top:894px;left:243px;white-space:nowrap" class="ft10">(Please&#160;indicate&#160;child’s&#160;name&#160;next to&#160;Special&#160;Consideration&#160;and&#160;Allergies)&#160;</p>
			<p style="position:absolute;top:919px;left:58px;white-space:nowrap" class="ft10">Special&#160;Considerations:______________________________________________________________________________________</p>
			<p style="position:absolute;top:924px;left:846px;white-space:nowrap" class="ft116">&#160;</p>
			<p style="position:absolute;top:951px;left:58px;white-space:nowrap" class="ft10">Allergies:_________________________________________________________________________________________________&#160;</p>
			<p style="position:absolute;top:992px;left:58px;white-space:nowrap" class="ft115"><b>If&#160;your&#160;child&#160;has an&#160;IEP, please&#160;include&#160;a copy&#160;</b></p>
			<p style="position:absolute;top:844px;left:57px;white-space:nowrap" class="ft112">What&#160;is&#160;the&#160;best&#160;way&#160;to contact&#160;you:&#160; &#160; &#160; &#160;</p>
			<p style="position:absolute;top:844px;left:358px;white-space:nowrap" class="ft112">E-mail&#160; &#160; &#160; &#160;&#160;&#160;Text&#160; &#160; &#160;&#160;&#160; &#160;&#160;Regular&#160;Mail&#160;</p>
			<p style="position:absolute;top:1132px;left:773px;white-space:nowrap" class="ft11"><b>Page&#160;1&#160;of&#160;2&#160;</b></p>
			</div>
	</field>
	</record>
</odoo>