id,name,model_id:id,group_id:id,perm_read,perm_write,perm_create,perm_unlink
access_funeral_registration,access_funeral_registration,model_funeral_registration,funeral_management.group_funeral_manager,1,1,1,1
access_funeral_member_details,access_funeral_member_details,model_funeral_member_details,funeral_management.group_funeral_manager,1,1,1,1
access_funeral_by_family,access_funeral_by_family,model_funeral_by_family,funeral_management.group_funeral_manager,1,1,1,1
access_burial_places,access_burial_places,model_burial_places,funeral_management.group_funeral_manager,1,1,1,1
access_funeral_registration,access_funeral_registration,model_funeral_registration,funeral_management.group_funeral_user,1,1,1,1
access_funeral_member_details,access_funeral_member_details,model_funeral_member_details,funeral_management.group_funeral_user,1,1,1,1
access_funeral_by_family,access_funeral_by_family,model_funeral_by_family,funeral_management.group_funeral_user,1,1,1,1
access_burial_places,access_burial_places,model_burial_places,funeral_management.group_funeral_user,1,1,1,1
access_funeral_registration,access_funeral_registration,model_funeral_registration,funeral_management.group_funeral_manager,1,1,1,1
access_funeral_member_details,access_funeral_member_details,model_funeral_member_details,funeral_management.group_funeral_manager,1,1,1,1
access_funeral_by_family,access_funeral_by_family,model_funeral_by_family,funeral_management.group_funeral_manager,1,1,1,1