id,name,model_id:id,group_id:id,perm_read,perm_write,perm_create,perm_unlink
access_donation_donation,access_donation_donation,model_donation_donation,base.group_user,1,1,1,1
access_place_parish,access_place_parish,model_place_parish,base.group_user,1,1,1,1
acess_member_registration,access_member_registration,model_member_registration,base.group_user,1,1,1,1
access_session_session,access_session_session,model_session_session,base.group_user,1,1,1,1
access_class_class,access_class_class,model_class_class,base.group_user,1,1,1,1
access_term_term,access_term_term,model_term_term,base.group_user,1,1,1,1
access_level_level,access_level_level,model_level_level,base.group_user,1,1,1,1
access_envelope_batch,access_envelope_batch,model_envelope_batch,base.group_user,1,1,1,1
access_member_details,access_member_details,model_member_details,base.group_user,1,1,1,1
access_faith_formation,access_faith_formation,model_faith_formation,base.group_user,1,1,1,1
access_room_room,access_room_room,model_room_room,base.group_user,1,1,1,1
access_allotment_allotment,access_allotment_allotment,model_allotment_allotment,base.group_user,1,1,1,1
access_allotment_by_level,access_allotment_by_level,model_allotment_by_level,base.group_user,1,1,1,1
access_allotment_by_family,access_allotment_by_family,model_allotment_by_family,base.group_user,1,1,1,1
access_allotment_by_class,access_allotment_by_class,model_allotment_by_class,base.group_user,1,1,1,1
access_tithe_comparison,access_tithe_comparison,model_tithe_comparison,base.group_user,1,1,1,1
access_skill_skill,access_skill_skill,model_skill_skill,base.group_user,1,1,1,1
access_language_language,access_language_language,model_language_language,base.group_user,1,1,1,1
access_occupation_occupation,access_occupation_occupation,model_occupation_occupation,base.group_user,1,1,1,1
access_religion_religion,access_religion_religion,model_religion_religion,base.group_user,1,1,1,1
access_envelope_type,access_envelope_type,model_envelope_type,base.group_user,1,1,1,1
access_relation_type,access_relation_type,model_relation_type,base.group_user,1,1,1,1
access_res_user_church_manager,access_res_user_church_manager,base.model_res_users,group_church_manager,1,1,1,1
access_res_user_church_user,access_res_user_church_user,base.model_res_users,group_church_user,1,1,1,1
access_donation_donation_church_user,access_donation_donation_church_user,model_donation_donation,group_church_user,1,1,1,1
access_donation_donationchurch_manager,access_donation_donation_church_manager,model_donation_donation,group_church_manager,1,1,1,1
access_envelope_batch_church_user,access_envelope_batch_church_user,model_envelope_batch,group_church_user,1,1,1,1
access_envelope_batch_church_manager,access_envelope_batch_church_manager,model_envelope_batch,group_church_manager,1,1,1,1