<?xml version="1.0" encoding="utf-8"?>
<odoo>
    <data noupdate="0">
        <!-- Church Management Group -->
        <record id="group_church_manager" model="res.groups">
            <field name="name">Church Manager</field>
            <field name="implied_ids" eval="[(4, ref('base.group_user')), (4, ref('group_church_user'))]"/>
        </record>
        <record id="group_church_user" model="res.groups">
            <field name="name">Church User</field>
            <field name="implied_ids" eval="[(4, ref('base.group_user'))]"/>
        </record>
        <record id="group_faith_formation_manager" model="res.groups">
            <field name="name">Faith Formation Manager</field>
            <field name="implied_ids" eval="[(4, ref('church_management.group_church_manager')), (4, ref('church_management.group_faith_formation_user'))]"/>
        </record>
         <record id="group_faith_formation_user" model="res.groups">
            <field name="name">Faith Formation User</field>
            <field name="implied_ids" eval="[(4, ref('church_management.group_church_user'))]"/>
        </record>
    </data>
</odoo>
