<?xml version="1.0" encoding="utf-8" ?>
<odoo>
    <record model="ir.module.category" id="module_category_connector">
        <field name="name">Connector</field>
        <field name="sequence">20</field>
    </record>
    <record id="group_connector_manager" model="res.groups">
        <field name="name">Connector Manager</field>
        <field name="category_id" ref="module_category_connector" />
        <field name="users" eval="[(4, ref('base.user_root'))]" />
    </record>
    <record id="queue_job.group_queue_job_manager" model="res.groups">
        <field name="implied_ids" eval="[(4, ref('group_connector_manager'))]" />
    </record>
    <record id="connector_checkpoint_multicompany_rule" model="ir.rule">
        <field name="name">Connector Checkpoint multi-company</field>
        <field name="model_id" ref="model_connector_checkpoint" />
        <field name="global" eval="True" />
        <field
            name="domain_force"
        > ['|','|',('company_id.child_ids','child_of',[user.company_id.id]),('company_id','child_of',[user.company_id.id]),('company_id','=',False)]</field>
    </record>
</odoo>
