<?xml version="1.0" encoding="utf-8"?>
<odoo>
    <data noupdate="0">
       <!--Demo data for donation product -->

        <record id="product_product_donation" model="product.product">
            <field name="name">Donation</field>
            <field name="categ_id" ref="product.product_category_3"/>
            <field name="standard_price">0.0</field>
            <field name="list_price">0.0</field>
            <field name="type">service</field>
            <field name="weight">0.01</field>
            <field name="uom_id" ref="uom.product_uom_unit"/>
            <field name="uom_po_id" ref="uom.product_uom_unit"/>
        </record>
        <record id="product_product_registration_fees" model="product.product">
            <field name="name">Registration Fees</field>
            <field name="categ_id" ref="product.product_category_3"/>
            <field name="standard_price">0.0</field>
            <field name="list_price">0.0</field>
            <field name="type">service</field>
            <field name="weight">0.01</field>
            <field name="uom_id" ref="uom.product_uom_unit"/>
            <field name="uom_po_id" ref="uom.product_uom_unit"/>
        </record>

        <record id="product_product_sacramental_fees" model="product.product">
            <field name="name">Sacramenta Fees</field>
            <field name="categ_id" ref="product.product_category_3"/>
            <field name="standard_price">0.0</field>
            <field name="list_price">0.0</field>
            <field name="type">service</field>
            <field name="weight">0.01</field>
            <field name="uom_id" ref="uom.product_uom_unit"/>
            <field name="uom_po_id" ref="uom.product_uom_unit"/>
        </record>

         <!--
        Resource: res.partner.category
        -->
        <record id="res_partner_category_parish" model="res.partner.category">
            <field name="name">Parish</field>
            <field name="color" eval="2"/>
        </record>
    </data>
</odoo>