<?xml version="1.0" encoding="utf-8"?>
<odoo>
    <data>
    	 <record model="ir.cron" forcecreate="True" id="inactive_members_schedular">
            <field name="name">Members Inactive</field>
            <field name="model_id" ref="model_res_partner"/>
            <field name="state">code</field>
            <field name="code">model.get_inactive_members()</field>
            <field name="user_id" ref="base.user_root"/>
            <field name="interval_number">1</field>
            <field name="interval_type">days</field>
            <field name="numbercall">-1</field>
            <field name="doall" eval="False" />
        </record>

       <!--   <record model="ir.cron" forcecreate="True" id="level_update_yearly_schedular">
            <field name="name">Levels updation:yearly</field>
            <field name="model_id" ref="model_level_level"/>
            <field name="state">code</field>
            <field name="code">model.update_levels()</field>
            <field name="user_id" ref="base.user_root"/>
            <field name="interval_number">1</field>
            <field name="interval_type">days</field>
            <field name="numbercall">-1</field>
            <field name="doall" eval="False"/>
        </record> -->
    </data>
</odoo>