<?xml version="1.0" encoding="utf-8"?>
<odoo>
    <data>
    	 <record model="ir.cron" forcecreate="True" id="event_reminder_schedular">
            <field name="name">Event Reminder</field>
            <field name="model_id" ref="calendar.model_calendar_event"/>
            <field name="state">code</field>
            <field name="code">model.reminder_mail_send()</field>
            <field name="user_id" ref="base.user_root"/>
            <field name="interval_number">1</field>
            <field name="interval_type">hours</field>
            <field name="numbercall">-1</field>
            <field name="doall" eval="False" />
        </record>
    </data>
</odoo>