<odoo>
	<data>
	  <record id="email_template_event_reminder" model="mail.template">
        <field name="name">Event Reminder</field>
        <field name="model_id" ref="calendar.model_calendar_event"/>
        <field name="subject">Calendar Event Information</field>
        <field name="email_from">${(user.email) |safe}</field>
        <field name="email_to">${object.member['email']}</field>
        <!-- <field name="partner_to">${object.email}</field> -->
        <!-- <field name="email_to">email_to</field> -->
        <field name="subject">Event Reminder</field>
        <field name="body_html"><![CDATA[
                 <p>Hey <b>${ctx['assigned_to']}</b>!!!<br/><br/>
                 This is a reminder for <b>${ctx['event_name']}</b> event which is scheduled on <b>${ctx['date']}</b><br/></p>
                 <p>Regards,</p>
                 <p>${ctx['admin']}</p>
                 ]]>
        </field>
        <field name="user_signature" eval="False"/>
        <field name="auto_delete" eval="True"/>
    </record>
	</data>
</odoo>

